Fayre,Vorster,11185066,Fayre.Vorster@college.harvard.edu,0
Moyna,Dorothy,12556187,Moyna.Dorothy@college.harvard.edu,0
Sue,Oneida,16223298,Sue.Oneida@college.harvard.edu,0
Jordan,Gilmour,10076614,Jordan.Gilmour@college.harvard.edu,0
Collen,Garek,17585948,Collen.Garek@college.harvard.edu,0
Asia,Demitria,19103295,Asia.Demitria@college.harvard.edu,0
Ana,Scammon,10701460,Ana.Scammon@college.harvard.edu,0
Ronna,Loring,12850713,Ronna.Loring@college.harvard.edu,0
Judy,Kiersten,14471867,Judy.Kiersten@college.harvard.edu,0
Lizzie,Brunell,11196935,Lizzie.Brunell@college.harvard.edu,0
Dode,Clywd,11331372,Dode.Clywd@college.harvard.edu,0
Jsandye,Tamar,18483554,Jsandye.Tamar@college.harvard.edu,0
Misha,Tengdin,12095147,Misha.Tengdin@college.harvard.edu,0
Nicoli,Rugen,11798238,Nicoli.Rugen@college.harvard.edu,0
Tybie,Roumell,19703610,Tybie.Roumell@college.harvard.edu,0
Frances,Joni,10462931,Frances.Joni@college.harvard.edu,0
Emmey,Bryna,19613038,Emmey.Bryna@college.harvard.edu,0
Bettine,Norrie,19658917,Bettine.Norrie@college.harvard.edu,0
Cordi,Bronk,13062118,Cordi.Bronk@college.harvard.edu,0
Laurene,Zenas,16077152,Laurene.Zenas@college.harvard.edu,0
Priscilla,Blisse,17187246,Priscilla.Blisse@college.harvard.edu,0
Althea,Ingra,14546027,Althea.Ingra@college.harvard.edu,0
Ayn,Tjon,11108293,Ayn.Tjon@college.harvard.edu,0
Bettine,Niccolo,12587420,Bettine.Niccolo@college.harvard.edu,0
Jacenta,Lory,14648651,Jacenta.Lory@college.harvard.edu,0
Rosene,Artie,14866879,Rosene.Artie@college.harvard.edu,0
Korrie,Berl,16614900,Korrie.Berl@college.harvard.edu,0
Raina,Kristi,19694978,Raina.Kristi@college.harvard.edu,0
Ivett,Rona,19991106,Ivett.Rona@college.harvard.edu,0
Clary,Stevy,14691987,Clary.Stevy@college.harvard.edu,0
Antonietta,Wenoa,14303360,Antonietta.Wenoa@college.harvard.edu,0
Jennica,Pettiford,11417817,Jennica.Pettiford@college.harvard.edu,0
Doralynne,Baylor,14077800,Doralynne.Baylor@college.harvard.edu,0
Ardenia,Chobot,14627170,Ardenia.Chobot@college.harvard.edu,0
Luci,Corabella,17742824,Luci.Corabella@college.harvard.edu,0
Nananne,O'Carroll,15923124,Nananne.O'Carroll@college.harvard.edu,0
Lacie,Velick,16440009,Lacie.Velick@college.harvard.edu,0
Ida,Linehan,18798588,Ida.Linehan@college.harvard.edu,0
Hannis,Huggins,18598141,Hannis.Huggins@college.harvard.edu,0
Millie,Johanna,14217321,Millie.Johanna@college.harvard.edu,0
Riannon,Raseda,13800219,Riannon.Raseda@college.harvard.edu,0
Almeta,Erich,15984018,Almeta.Erich@college.harvard.edu,0
Demetris,Janene,15971480,Demetris.Janene@college.harvard.edu,0
Adriana,Joni,13722087,Adriana.Joni@college.harvard.edu,0
Shaylyn,Dermott,15790783,Shaylyn.Dermott@college.harvard.edu,0
Jerry,Naor,11001071,Jerry.Naor@college.harvard.edu,0
Florencia,Marlie,11345702,Florencia.Marlie@college.harvard.edu,0
Valli,Lattie,16073877,Valli.Lattie@college.harvard.edu,0
Latisha,Aaberg,14259647,Latisha.Aaberg@college.harvard.edu,0
Nelle,Behre,16448122,Nelle.Behre@college.harvard.edu,0
Sharlene,Carolin,12191886,Sharlene.Carolin@college.harvard.edu,0
Jennica,Carleen,14124106,Jennica.Carleen@college.harvard.edu,0
Xylina,Even,13230029,Xylina.Even@college.harvard.edu,0
Lucille,Jalbert,17029227,Lucille.Jalbert@college.harvard.edu,0
Kerrin,Merat,12449723,Kerrin.Merat@college.harvard.edu,0
Amelia,Westphal,18233684,Amelia.Westphal@college.harvard.edu,0
Cassandra,Durante,19700216,Cassandra.Durante@college.harvard.edu,0
Nerta,Modie,11532864,Nerta.Modie@college.harvard.edu,0
Dari,Paton,15473564,Dari.Paton@college.harvard.edu,0
Frank,Riordan,18399516,Frank.Riordan@college.harvard.edu,0
Sybille,Valoniah,15672703,Sybille.Valoniah@college.harvard.edu,0
Elbertina,Sholley,19885130,Elbertina.Sholley@college.harvard.edu,0
Katharina,Wu,12200428,Katharina.Wu@college.harvard.edu,0
Henriette,Orelee,12796359,Henriette.Orelee@college.harvard.edu,0
Marti,Martsen,13276653,Marti.Martsen@college.harvard.edu,0
Lelah,Andrel,13434221,Lelah.Andrel@college.harvard.edu,0
Lesly,Anastatius,12162096,Lesly.Anastatius@college.harvard.edu,0
Siana,Bahr,11503157,Siana.Bahr@college.harvard.edu,0
Margalo,Bari,11217190,Margalo.Bari@college.harvard.edu,0
Patricia,Noelyn,19160884,Patricia.Noelyn@college.harvard.edu,0
Dacia,Gaulin,18459983,Dacia.Gaulin@college.harvard.edu,0
Heida,Buttaro,13580117,Heida.Buttaro@college.harvard.edu,0
Eugine,Cosenza,14807138,Eugine.Cosenza@college.harvard.edu,0
Ofilia,Llovera,11279515,Ofilia.Llovera@college.harvard.edu,0
Cecile,Thornburg,12951429,Cecile.Thornburg@college.harvard.edu,0
Alameda,Gino,13595522,Alameda.Gino@college.harvard.edu,0
Hope,Giule,15270165,Hope.Giule@college.harvard.edu,0
Cissiee,Tomasina,11967282,Cissiee.Tomasina@college.harvard.edu,0
Mireielle,Uund,18018755,Mireielle.Uund@college.harvard.edu,0
Bill,Whittaker,17190889,Bill.Whittaker@college.harvard.edu,0
Elka,Chesna,19752647,Elka.Chesna@college.harvard.edu,0
Bettine,Ashok,18828673,Bettine.Ashok@college.harvard.edu,0
Sue,Etom,10494732,Sue.Etom@college.harvard.edu,0
Elyssa,Linehan,19552669,Elyssa.Linehan@college.harvard.edu,0
Aigneis,Hessler,15059379,Aigneis.Hessler@college.harvard.edu,0
Melisent,Montgomery,18277128,Melisent.Montgomery@college.harvard.edu,0
Clarice,Ackerley,11203148,Clarice.Ackerley@college.harvard.edu,0
Melanie,Seagraves,13293637,Melanie.Seagraves@college.harvard.edu,0
Suzette,Eno,10626114,Suzette.Eno@college.harvard.edu,0
Ricky,Florina,14441717,Ricky.Florina@college.harvard.edu,0
Almeta,Clara,15707621,Almeta.Clara@college.harvard.edu,0
Letizia,Carlson,12333137,Letizia.Carlson@college.harvard.edu,0
Sibella,Carleen,13830984,Sibella.Carleen@college.harvard.edu,0
Jessy,Even,13439302,Jessy.Even@college.harvard.edu,0
Gavrielle,Redmond,13539441,Gavrielle.Redmond@college.harvard.edu,0
Gavrielle,Rustice,16139691,Gavrielle.Rustice@college.harvard.edu,0
Katuscha,Darrell,14294305,Katuscha.Darrell@college.harvard.edu,0
Ezmeralda,Emerson,11661316,Ezmeralda.Emerson@college.harvard.edu,0
Etta,Guthrie,16163483,Etta.Guthrie@college.harvard.edu,0
Mary,Halla,16390221,Mary.Halla@college.harvard.edu,0
Elise,Vilma,10639670,Elise.Vilma@college.harvard.edu,0
Elka,Greyson,17937475,Elka.Greyson@college.harvard.edu,0
Nita,Hunfredo,19827136,Nita.Hunfredo@college.harvard.edu,0
Katuscha,Greyson,13538431,Katuscha.Greyson@college.harvard.edu,0
Gerrie,Urias,19847400,Gerrie.Urias@college.harvard.edu,0
Minne,Smitt,10510155,Minne.Smitt@college.harvard.edu,0
Bobinette,Nickola,14457328,Bobinette.Nickola@college.harvard.edu,0
Nicoli,Baudin,17305866,Nicoli.Baudin@college.harvard.edu,0
Kirbee,Lenny,17133221,Kirbee.Lenny@college.harvard.edu,0
Valli,Stav,15742963,Valli.Stav@college.harvard.edu,0
Cacilie,Reinke,15016735,Cacilie.Reinke@college.harvard.edu,0
Gavrielle,Giff,10002596,Gavrielle.Giff@college.harvard.edu,0
Monika,Anton,10999000,Monika.Anton@college.harvard.edu,0
Ariela,Burnside,13938255,Ariela.Burnside@college.harvard.edu,0
Max,Wilkinson,17436077,Max.Wilkinson@college.harvard.edu,0
Shauna,Goldina,18670050,Shauna.Goldina@college.harvard.edu,0
Drucie,Longfellow,17019998,Drucie.Longfellow@college.harvard.edu,0
Kate,Kannry,14745114,Kate.Kannry@college.harvard.edu,0
Talya,Millda,18899979,Talya.Millda@college.harvard.edu,0
Hollie,Hanleigh,12978626,Hollie.Hanleigh@college.harvard.edu,0
Rosabelle,Ortrude,10842716,Rosabelle.Ortrude@college.harvard.edu,0
Nerta,Anastatius,10555742,Nerta.Anastatius@college.harvard.edu,0
Gale,Yorick,15923521,Gale.Yorick@college.harvard.edu,0
Darlleen,Garbe,13157058,Darlleen.Garbe@college.harvard.edu,0
Trixi,Colp,13936750,Trixi.Colp@college.harvard.edu,0
Laure,Destinee,13016701,Laure.Destinee@college.harvard.edu,0
Sara-Ann,Kress,11872771,Sara-Ann.Kress@college.harvard.edu,0
Binny,Ardra,18676033,Binny.Ardra@college.harvard.edu,0
Nonnah,Peti,17140204,Nonnah.Peti@college.harvard.edu,0
Teriann,Lucienne,19638455,Teriann.Lucienne@college.harvard.edu,0
Aili,Berl,14282080,Aili.Berl@college.harvard.edu,0
Andeee,Atonsah,14082251,Andeee.Atonsah@college.harvard.edu,0
Johna,Aldric,10853350,Johna.Aldric@college.harvard.edu,0
Elmira,Even,18578754,Elmira.Even@college.harvard.edu,0
Flo,Linehan,17929526,Flo.Linehan@college.harvard.edu,0
Ricky,Merat,15679591,Ricky.Merat@college.harvard.edu,0
Courtnay,Erminia,13321519,Courtnay.Erminia@college.harvard.edu,0
Vanessa,Tayib,13596624,Vanessa.Tayib@college.harvard.edu,0
Brena,Alarise,12965357,Brena.Alarise@college.harvard.edu,0
Sophia,Ajay,19047058,Sophia.Ajay@college.harvard.edu,0
Maye,Urania,19791159,Maye.Urania@college.harvard.edu,0
Mamie,Beniamino,14915220,Mamie.Beniamino@college.harvard.edu,0
Sara-Ann,Wittie,19478760,Sara-Ann.Wittie@college.harvard.edu,0
Odessa,Stelle,19016935,Odessa.Stelle@college.harvard.edu,0
Vere,Delila,12164288,Vere.Delila@college.harvard.edu,0
Cam,Manolo,14940273,Cam.Manolo@college.harvard.edu,0
Audrie,Jess,19660083,Audrie.Jess@college.harvard.edu,0
Eve,Verger,17284534,Eve.Verger@college.harvard.edu,0
Zondra,Helve,15060069,Zondra.Helve@college.harvard.edu,0
Helena,Pauly,10952914,Helena.Pauly@college.harvard.edu,0
Maridel,Solitta,14053804,Maridel.Solitta@college.harvard.edu,0
Kaja,Shaver,18065087,Kaja.Shaver@college.harvard.edu,0
Angelique,Sholley,10355034,Angelique.Sholley@college.harvard.edu,0
Genevra,Rillings,10949407,Genevra.Rillings@college.harvard.edu,0
Kirstin,Johanna,18037145,Kirstin.Johanna@college.harvard.edu,0
Merry,Drus,12392296,Merry.Drus@college.harvard.edu,0
Leanna,Terencio,10279646,Leanna.Terencio@college.harvard.edu,0
Dawn,Kunin,12977263,Dawn.Kunin@college.harvard.edu,0
Dorene,Solitta,16469142,Dorene.Solitta@college.harvard.edu,0
Mara,Clarissa,16264437,Mara.Clarissa@college.harvard.edu,0
Joane,Clarissa,14867505,Joane.Clarissa@college.harvard.edu,0
Rivalee,Dom,18569603,Rivalee.Dom@college.harvard.edu,0
Pollyanna,Paton,15252559,Pollyanna.Paton@college.harvard.edu,0
Miquela,Keelia,13632942,Miquela.Keelia@college.harvard.edu,0
Nelle,Erich,13451313,Nelle.Erich@college.harvard.edu,0
Tobe,Luhe,19471335,Tobe.Luhe@college.harvard.edu,0
Concettina,Bohlin,13186776,Concettina.Bohlin@college.harvard.edu,0
Aryn,Crudden,18626775,Aryn.Crudden@college.harvard.edu,0
Cathie,Bettine,12998855,Cathie.Bettine@college.harvard.edu,0
Tilly,Raffo,14504872,Tilly.Raffo@college.harvard.edu,0
Teriann,Raseda,13881261,Teriann.Raseda@college.harvard.edu,0
Margette,Boehike,17049726,Margette.Boehike@college.harvard.edu,0
Liana,Lissi,13911474,Liana.Lissi@college.harvard.edu,0
Marguerite,Ardeha,19849461,Marguerite.Ardeha@college.harvard.edu,0
Bertine,Avi,15189854,Bertine.Avi@college.harvard.edu,0
Dyann,Martguerita,11819882,Dyann.Martguerita@college.harvard.edu,0
Kalina,Carlson,19727831,Kalina.Carlson@college.harvard.edu,0
