Cristabel,Audly,19191289,Cristabel.Audly@college.harvard.edu,1
Evita,Whittaker,16942112,Evita.Whittaker@college.harvard.edu,1
Fina,Zetta,17941504,Fina.Zetta@college.harvard.edu,1
Alejandra,Ehrman,16185753,Alejandra.Ehrman@college.harvard.edu,1
Heida,Izaak,13942697,Heida.Izaak@college.harvard.edu,1
Rozele,Wilkinson,15118764,Rozele.Wilkinson@college.harvard.edu,1
Wynne,Baylor,12487005,Wynne.Baylor@college.harvard.edu,1
Alexine,Ackerley,14493600,Alexine.Ackerley@college.harvard.edu,1
Fina,Himelman,16919718,Fina.Himelman@college.harvard.edu,1
Fredericka,Grimbly,13591891,Fredericka.Grimbly@college.harvard.edu,1
Helena,Zamora,12541094,Helena.Zamora@college.harvard.edu,1
Sybille,Merriott,10431764,Sybille.Merriott@college.harvard.edu,1
Jere,Rogerio,13250942,Jere.Rogerio@college.harvard.edu,1
Elvira,Thema,12627778,Elvira.Thema@college.harvard.edu,1
Sallie,Beebe,12166088,Sallie.Beebe@college.harvard.edu,1
Lila,Fink,12762578,Lila.Fink@college.harvard.edu,1
Fanchon,Lewes,19289772,Fanchon.Lewes@college.harvard.edu,1
Dotty,Dex,16624239,Dotty.Dex@college.harvard.edu,1
Estell,Swanhildas,15322491,Estell.Swanhildas@college.harvard.edu,1
Justinn,Mallon,18157448,Justinn.Mallon@college.harvard.edu,1
Ann-Marie,Eldrid,17484776,Ann-Marie.Eldrid@college.harvard.edu,1
Keelia,Cordi,19066481,Keelia.Cordi@college.harvard.edu,1
Leia,Nance,17649524,Leia.Nance@college.harvard.edu,1
Carol-Jean,Eno,15376129,Carol-Jean.Eno@college.harvard.edu,1
Reeba,Wyn,18793626,Reeba.Wyn@college.harvard.edu,1
Valeda,Fiester,14512673,Valeda.Fiester@college.harvard.edu,1
Rosabelle,Lymann,12009571,Rosabelle.Lymann@college.harvard.edu,1
Joelly,O'Carroll,14035190,Joelly.O'Carroll@college.harvard.edu,1
Dale,Ries,15313867,Dale.Ries@college.harvard.edu,1
Sissy,Nerita,11476996,Sissy.Nerita@college.harvard.edu,1
Nyssa,Lorain,11661745,Nyssa.Lorain@college.harvard.edu,1
Lynnea,Daveta,15787314,Lynnea.Daveta@college.harvard.edu,1
Claresta,Chrystel,18203756,Claresta.Chrystel@college.harvard.edu,1
Lolita,Therine,11513216,Lolita.Therine@college.harvard.edu,1
Aaren,Timon,18630067,Aaren.Timon@college.harvard.edu,1
Patricia,Alejoa,16214403,Patricia.Alejoa@college.harvard.edu,1
Teddie,Anestassia,13867822,Teddie.Anestassia@college.harvard.edu,1
Roxane,Pitt,18385898,Roxane.Pitt@college.harvard.edu,1
Malina,Hessler,19374064,Malina.Hessler@college.harvard.edu,1
Dale,Blake,19847603,Dale.Blake@college.harvard.edu,1
Gwyneth,Juliet,13474778,Gwyneth.Juliet@college.harvard.edu,1
Wilma,Kamaria,14830012,Wilma.Kamaria@college.harvard.edu,1
Krystle,Vins,16731455,Krystle.Vins@college.harvard.edu,1
Aimil,Constancy,10888866,Aimil.Constancy@college.harvard.edu,1
Adelle,Wandie,17206590,Adelle.Wandie@college.harvard.edu,1
Susan,Grosz,19302731,Susan.Grosz@college.harvard.edu,1
Lolita,Esmaria,10966939,Lolita.Esmaria@college.harvard.edu,1
Mallory,Bandeen,16165052,Mallory.Bandeen@college.harvard.edu,1
Shaine,Meli,15484522,Shaine.Meli@college.harvard.edu,1
Cathie,Stover,10070624,Cathie.Stover@college.harvard.edu,1
Nadine,Kosey,17956930,Nadine.Kosey@college.harvard.edu,1
Marinna,Parette,16140510,Marinna.Parette@college.harvard.edu,1
Rani,Suk,18378409,Rani.Suk@college.harvard.edu,1
Harmonia,Norrie,17792981,Harmonia.Norrie@college.harvard.edu,1
Emilia,Lipson,14973202,Emilia.Lipson@college.harvard.edu,1
Letizia,Hartnett,13329529,Letizia.Hartnett@college.harvard.edu,1
Etta,Bord,14688086,Etta.Bord@college.harvard.edu,1
Raina,Virgin,12379766,Raina.Virgin@college.harvard.edu,1
Rubie,Lay,11903255,Rubie.Lay@college.harvard.edu,1
Trixi,Gregrory,12849347,Trixi.Gregrory@college.harvard.edu,1
Lulita,Maisey,16774006,Lulita.Maisey@college.harvard.edu,1
Karena,Yoko,16626949,Karena.Yoko@college.harvard.edu,1
Babita,Sammons,18809302,Babita.Sammons@college.harvard.edu,1
Elora,Sundin,19600495,Elora.Sundin@college.harvard.edu,1
Odessa,Oriana,17680275,Odessa.Oriana@college.harvard.edu,1
Ketti,Ingra,17136288,Ketti.Ingra@college.harvard.edu,1
Stacey,Han,11834426,Stacey.Han@college.harvard.edu,1
Teddie,Maribeth,16391554,Teddie.Maribeth@college.harvard.edu,1
Tybie,Wareing,11565176,Tybie.Wareing@college.harvard.edu,1
Stephanie,Ioab,14589385,Stephanie.Ioab@college.harvard.edu,1
Rhea,Lareena,13183831,Rhea.Lareena@college.harvard.edu,1
Helena,Anis,12352279,Helena.Anis@college.harvard.edu,1
Anica,Joachim,15398080,Anica.Joachim@college.harvard.edu,1
Roz,Pattin,16693374,Roz.Pattin@college.harvard.edu,1
Sabina,Leonard,18537336,Sabina.Leonard@college.harvard.edu,1
Beth,Lane,13794991,Beth.Lane@college.harvard.edu,1
Bertine,Carbo,10304187,Bertine.Carbo@college.harvard.edu,1
Eugine,Eiser,16971890,Eugine.Eiser@college.harvard.edu,1
Maud,Martguerita,10975542,Maud.Martguerita@college.harvard.edu,1
Wileen,Donoghue,10603081,Wileen.Donoghue@college.harvard.edu,1
Charlena,Merat,12169291,Charlena.Merat@college.harvard.edu,1
Viviene,Mallon,15424002,Viviene.Mallon@college.harvard.edu,1
Cherrita,Callista,13697669,Cherrita.Callista@college.harvard.edu,1
Heida,Rosemary,14467497,Heida.Rosemary@college.harvard.edu,1
Lilith,Fax,16841537,Lilith.Fax@college.harvard.edu,1
Allis,Fabiola,13054759,Allis.Fabiola@college.harvard.edu,1
Linzy,Toor,19141102,Linzy.Toor@college.harvard.edu,1
Merrie,Sprage,19758014,Merrie.Sprage@college.harvard.edu,1
Joceline,Ursulette,14689932,Joceline.Ursulette@college.harvard.edu,1
Maisey,Fleeta,19822763,Maisey.Fleeta@college.harvard.edu,1
Rosaline,Tiffa,16630925,Rosaline.Tiffa@college.harvard.edu,1
Beverley,Rurik,13668533,Beverley.Rurik@college.harvard.edu,1
Raina,Hailee,14270773,Raina.Hailee@college.harvard.edu,1
Damaris,Brunell,16201584,Damaris.Brunell@college.harvard.edu,1
Sarette,Ries,16930019,Sarette.Ries@college.harvard.edu,1
Blondelle,Lymann,15242351,Blondelle.Lymann@college.harvard.edu,1
Kirstin,Stilwell,18754355,Kirstin.Stilwell@college.harvard.edu,1
Karina,Serilda,11976006,Karina.Serilda@college.harvard.edu,1
Sallie,Lilas,11776971,Sallie.Lilas@college.harvard.edu,1
Amalie,Deegan,17367873,Amalie.Deegan@college.harvard.edu,1
Marylou,Loeb,19469043,Marylou.Loeb@college.harvard.edu,1
Frieda,Ellord,19423141,Frieda.Ellord@college.harvard.edu,1
Emilia,Fitzsimmons,17806817,Emilia.Fitzsimmons@college.harvard.edu,1
Adriana,Liebermann,13083851,Adriana.Liebermann@college.harvard.edu,1
Vanessa,Persse,14567035,Vanessa.Persse@college.harvard.edu,1
Laure,Gillan,14893790,Laure.Gillan@college.harvard.edu,1
Dulce,Vernier,16509370,Dulce.Vernier@college.harvard.edu,1
Roslyn,Donoghue,18187787,Roslyn.Donoghue@college.harvard.edu,1
Lucille,Nadia,12287993,Lucille.Nadia@college.harvard.edu,1
Paule,Nunci,13114505,Paule.Nunci@college.harvard.edu,1
Merle,Justinn,18652311,Merle.Justinn@college.harvard.edu,1
Ginnie,Karl,15686139,Ginnie.Karl@college.harvard.edu,1
Belinda,Linskey,19533199,Belinda.Linskey@college.harvard.edu,1
Cecile,Hutchison,11435244,Cecile.Hutchison@college.harvard.edu,1
Ekaterina,Hubert,10486356,Ekaterina.Hubert@college.harvard.edu,1
Leanna,Autrey,17451210,Leanna.Autrey@college.harvard.edu,1
Nariko,Donoghue,14974061,Nariko.Donoghue@college.harvard.edu,1
Tabbatha,Bigner,11666164,Tabbatha.Bigner@college.harvard.edu,1
Yetty,Hortensia,11908593,Yetty.Hortensia@college.harvard.edu,1
Dede,Bevin,12076755,Dede.Bevin@college.harvard.edu,1
Cristabel,Milson,19252522,Cristabel.Milson@college.harvard.edu,1
Ketti,Afton,16078392,Ketti.Afton@college.harvard.edu,1
Jessamyn,Juan,16352586,Jessamyn.Juan@college.harvard.edu,1
Corry,Callista,14474055,Corry.Callista@college.harvard.edu,1
Olwen,Jacqui,15711734,Olwen.Jacqui@college.harvard.edu,1
Gavrielle,Riva,11691853,Gavrielle.Riva@college.harvard.edu,1
Christy,Ellord,13411966,Christy.Ellord@college.harvard.edu,1
Eolanda,Leler,10657803,Eolanda.Leler@college.harvard.edu,1
Sandie,Maples,11410017,Sandie.Maples@college.harvard.edu,1
Edith,Yate,13452644,Edith.Yate@college.harvard.edu,1
Dolli,Docilla,14113016,Dolli.Docilla@college.harvard.edu,1
Catrina,Hartnett,13896696,Catrina.Hartnett@college.harvard.edu,1
Desirae,Travax,14312803,Desirae.Travax@college.harvard.edu,1
Gusty,Tryck,13366608,Gusty.Tryck@college.harvard.edu,1
Ilse,Rona,12708712,Ilse.Rona@college.harvard.edu,1
Ekaterina,Maiah,16845912,Ekaterina.Maiah@college.harvard.edu,1
Andeee,Nance,19193576,Andeee.Nance@college.harvard.edu,1
Emmey,Cleo,12925065,Emmey.Cleo@college.harvard.edu,1
Lynea,Nikaniki,13410137,Lynea.Nikaniki@college.harvard.edu,1
Glynnis,Alrich,16101525,Glynnis.Alrich@college.harvard.edu,1
Dawn,Stilwell,17553201,Dawn.Stilwell@college.harvard.edu,1
Demetris,Bertold,17777816,Demetris.Bertold@college.harvard.edu,1
Iseabal,Land,15815392,Iseabal.Land@college.harvard.edu,1
Ardeen,Nedrud,11702187,Ardeen.Nedrud@college.harvard.edu,1
Natka,Ellord,13481438,Natka.Ellord@college.harvard.edu,1
Juliane,Eldrid,15647241,Juliane.Eldrid@college.harvard.edu,1
Tybie,Elo,19894264,Tybie.Elo@college.harvard.edu,1
Althea,Deegan,12802873,Althea.Deegan@college.harvard.edu,1
Elyssa,Zuzana,16973517,Elyssa.Zuzana@college.harvard.edu,1
Luci,Myrilla,18165262,Luci.Myrilla@college.harvard.edu,1
Liana,Redmond,12845395,Liana.Redmond@college.harvard.edu,1
Annecorinne,Cecile,13506041,Annecorinne.Cecile@college.harvard.edu,1
Monika,Gilbertson,17032612,Monika.Gilbertson@college.harvard.edu,1
Lynea,Israeli,17410167,Lynea.Israeli@college.harvard.edu,1
Vevay,Timon,13203250,Vevay.Timon@college.harvard.edu,1
Orsola,Genna,17089264,Orsola.Genna@college.harvard.edu,1
