Oona,Swigart,16076420,Oona.Swigart@college.harvard.edu,2
Misha,Tybald,15474105,Misha.Tybald@college.harvard.edu,2
Phedra,Lia,11868072,Phedra.Lia@college.harvard.edu,2
Deirdre,Ioab,11777577,Deirdre.Ioab@college.harvard.edu,2
Fredericka,Lane,12958619,Fredericka.Lane@college.harvard.edu,2
Barbara,Love,13075253,Barbara.Love@college.harvard.edu,2
Anestassia,Hathaway,19894017,Anestassia.Hathaway@college.harvard.edu,2
Siana,Valoniah,10971840,Siana.Valoniah@college.harvard.edu,2
Jasmina,Wattenberg,18112106,Jasmina.Wattenberg@college.harvard.edu,2
Glenda,Carmena,16836397,Glenda.Carmena@college.harvard.edu,2
Kylynn,Garbe,11890866,Kylynn.Garbe@college.harvard.edu,2
Nannie,Zetta,16190963,Nannie.Zetta@college.harvard.edu,2
Xylina,Yorick,18703690,Xylina.Yorick@college.harvard.edu,2
Paola,Burnside,16692120,Paola.Burnside@college.harvard.edu,2
Janenna,Colp,15106295,Janenna.Colp@college.harvard.edu,2
Benita,Joli,10084672,Benita.Joli@college.harvard.edu,2
Rosanne,Pierette,14774090,Rosanne.Pierette@college.harvard.edu,2
Tabbatha,Nore,18599543,Tabbatha.Nore@college.harvard.edu,2
Viki,Dahlia,14758454,Viki.Dahlia@college.harvard.edu,2
Rozele,Cleavland,15945516,Rozele.Cleavland@college.harvard.edu,2
Ruthe,Dannye,17566782,Ruthe.Dannye@college.harvard.edu,2
Raquela,Lenny,18924933,Raquela.Lenny@college.harvard.edu,2
Jeanna,Velick,10123917,Jeanna.Velick@college.harvard.edu,2
Jan,Killigrew,12211147,Jan.Killigrew@college.harvard.edu,2
Selia,Llovera,14302923,Selia.Llovera@college.harvard.edu,2
Alex,Modie,12824975,Alex.Modie@college.harvard.edu,2
Thalia,Atonsah,13035523,Thalia.Atonsah@college.harvard.edu,2
Marti,Slifka,12227793,Marti.Slifka@college.harvard.edu,2
Kamilah,Margret,14691040,Kamilah.Margret@college.harvard.edu,2
Lanae,Arley,18467116,Lanae.Arley@college.harvard.edu,2
Marline,Himelman,18829950,Marline.Himelman@college.harvard.edu,2
Shauna,Jillane,19604214,Shauna.Jillane@college.harvard.edu,2
Beverley,Wooster,12413095,Beverley.Wooster@college.harvard.edu,2
Cam,Rodmann,14523012,Cam.Rodmann@college.harvard.edu,2
Codie,Gregrory,15673708,Codie.Gregrory@college.harvard.edu,2
Briney,Means,19899421,Briney.Means@college.harvard.edu,2
Carmencita,Mullane,10923218,Carmencita.Mullane@college.harvard.edu,2
Sue,Arley,14858721,Sue.Arley@college.harvard.edu,2
Sara-Ann,Kirbee,16507157,Sara-Ann.Kirbee@college.harvard.edu,2
Tracey,Kenney,12275100,Tracey.Kenney@college.harvard.edu,2
Atlanta,Mauer,12565564,Atlanta.Mauer@college.harvard.edu,2
Karina,Demitria,13558041,Karina.Demitria@college.harvard.edu,2
Harmonia,Diogenes,14499510,Harmonia.Diogenes@college.harvard.edu,2
Lolita,Rheingold,12345849,Lolita.Rheingold@college.harvard.edu,2
Molli,Orpah,15713449,Molli.Orpah@college.harvard.edu,2
Dulce,Hoban,16394788,Dulce.Hoban@college.harvard.edu,2
Ginnie,Shelba,17277163,Ginnie.Shelba@college.harvard.edu,2
Charissa,Celestine,19960389,Charissa.Celestine@college.harvard.edu,2
Marita,Linehan,19612251,Marita.Linehan@college.harvard.edu,2
Lorenza,Zenas,15456782,Lorenza.Zenas@college.harvard.edu,2
Laure,Oscar,12525371,Laure.Oscar@college.harvard.edu,2
Romona,Merna,15036450,Romona.Merna@college.harvard.edu,2
Edith,Mehalek,10740566,Edith.Mehalek@college.harvard.edu,2
Nelle,Thar,11408415,Nelle.Thar@college.harvard.edu,2
Susette,Guthrie,18506702,Susette.Guthrie@college.harvard.edu,2
Christal,Cavan,17325343,Christal.Cavan@college.harvard.edu,2
Goldie,Chaing,15047337,Goldie.Chaing@college.harvard.edu,2
Averyl,Wind,10748159,Averyl.Wind@college.harvard.edu,2
Bobbi,Therine,10313819,Bobbi.Therine@college.harvard.edu,2
Roslyn,Wolfgram,18296515,Roslyn.Wolfgram@college.harvard.edu,2
Shell,Nisbet,13303685,Shell.Nisbet@college.harvard.edu,2
Tersina,Haerr,14226515,Tersina.Haerr@college.harvard.edu,2
Xylina,Giff,16138116,Xylina.Giff@college.harvard.edu,2
Atlanta,Arley,10870863,Atlanta.Arley@college.harvard.edu,2
Gabi,Eno,11189874,Gabi.Eno@college.harvard.edu,2
Calla,Carvey,18820580,Calla.Carvey@college.harvard.edu,2
Claresta,Ashok,19904763,Claresta.Ashok@college.harvard.edu,2
Corly,Dichy,13973312,Corly.Dichy@college.harvard.edu,2
Shell,Llovera,13574080,Shell.Llovera@college.harvard.edu,2
Sissy,MacIntosh,14304968,Sissy.MacIntosh@college.harvard.edu,2
Asia,Genna,17975266,Asia.Genna@college.harvard.edu,2
Jeanna,Ovid,14674361,Jeanna.Ovid@college.harvard.edu,2
Tobe,Sawtelle,11512037,Tobe.Sawtelle@college.harvard.edu,2
Ebonee,Greyson,16236809,Ebonee.Greyson@college.harvard.edu,2
Christian,Merell,12367027,Christian.Merell@college.harvard.edu,2
Lita,Tarrant,11960175,Lita.Tarrant@college.harvard.edu,2
Tamqrah,Sawtelle,19692961,Tamqrah.Sawtelle@college.harvard.edu,2
Iseabal,Constancy,10160090,Iseabal.Constancy@college.harvard.edu,2
Olwen,Dorothy,11412381,Olwen.Dorothy@college.harvard.edu,2
Danika,Stoller,13471182,Danika.Stoller@college.harvard.edu,2
Arabel,Peti,19898765,Arabel.Peti@college.harvard.edu,2
Gusty,Ramona,17207025,Gusty.Ramona@college.harvard.edu,2
Marika,Stanwood,13383841,Marika.Stanwood@college.harvard.edu,2
Konstance,Saree,14549180,Konstance.Saree@college.harvard.edu,2
Daryl,Millda,14506858,Daryl.Millda@college.harvard.edu,2
Kristan,Jorgan,14820315,Kristan.Jorgan@college.harvard.edu,2
Gabi,Rhu,18198334,Gabi.Rhu@college.harvard.edu,2
Melanie,Hirsch,11238922,Melanie.Hirsch@college.harvard.edu,2
Daryl,Ophelia,14592898,Daryl.Ophelia@college.harvard.edu,2
Hyacinthe,Mallon,14916847,Hyacinthe.Mallon@college.harvard.edu,2
Gaylene,Duwalt,13838628,Gaylene.Duwalt@college.harvard.edu,2
Lynde,Mathilde,19140405,Lynde.Mathilde@college.harvard.edu,2
Kial,Amethist,11965031,Kial.Amethist@college.harvard.edu,2
Kristan,Lilas,11749421,Kristan.Lilas@college.harvard.edu,2
Margette,Izaak,14666115,Margette.Izaak@college.harvard.edu,2
Larine,Thornburg,12280773,Larine.Thornburg@college.harvard.edu,2
Benita,Ackerley,12274214,Benita.Ackerley@college.harvard.edu,2
Marita,Gino,16725395,Marita.Gino@college.harvard.edu,2
Orelia,Lutero,14764404,Orelia.Lutero@college.harvard.edu,2
Deane,Gherardo,16137407,Deane.Gherardo@college.harvard.edu,2
Lonnie,Jorgan,13010571,Lonnie.Jorgan@college.harvard.edu,2
Latisha,Kermit,15723035,Latisha.Kermit@college.harvard.edu,2
Kirstin,Gibbeon,17320478,Kirstin.Gibbeon@college.harvard.edu,2
Pierette,Othilia,18189491,Pierette.Othilia@college.harvard.edu,2
Cacilie,Maroney,18986461,Cacilie.Maroney@college.harvard.edu,2
Lexine,Cassius,14042287,Lexine.Cassius@college.harvard.edu,2
Zia,Rocray,17918669,Zia.Rocray@college.harvard.edu,2
Demetris,Maurine,15852741,Demetris.Maurine@college.harvard.edu,2
Maye,Burch,10806650,Maye.Burch@college.harvard.edu,2
Marcy,Ellerey,19760726,Marcy.Ellerey@college.harvard.edu,2
Sidoney,Madelene,16140860,Sidoney.Madelene@college.harvard.edu,2
Mahalia,Margret,10723368,Mahalia.Margret@college.harvard.edu,2
Larine,Cleo,19399426,Larine.Cleo@college.harvard.edu,2
Janey,Anselmi,11096319,Janey.Anselmi@college.harvard.edu,2
Danny,McGrody,10636581,Danny.McGrody@college.harvard.edu,2
Arabel,Leffen,13837190,Arabel.Leffen@college.harvard.edu,2
Kassey,Regan,17587880,Kassey.Regan@college.harvard.edu,2
Asia,Tamsky,17979892,Asia.Tamsky@college.harvard.edu,2
Arlina,Erich,18659871,Arlina.Erich@college.harvard.edu,2
Kayla,Carmena,19670373,Kayla.Carmena@college.harvard.edu,2
Cristine,Pond,16467043,Cristine.Pond@college.harvard.edu,2
Jenilee,Alexandr,12808702,Jenilee.Alexandr@college.harvard.edu,2
Feliza,Hurley,12002503,Feliza.Hurley@college.harvard.edu,2
Hyacinthe,Kathie,19515566,Hyacinthe.Kathie@college.harvard.edu,2
Veda,Abbot,17930039,Veda.Abbot@college.harvard.edu,2
Isa,Goerke,12822033,Isa.Goerke@college.harvard.edu,2
Cristabel,Cristi,10754464,Cristabel.Cristi@college.harvard.edu,2
Lily,Wolfgram,10299445,Lily.Wolfgram@college.harvard.edu,2
Kamilah,Goerke,17125099,Kamilah.Goerke@college.harvard.edu,2
Bobbi,Mendez,11782836,Bobbi.Mendez@college.harvard.edu,2
Jasmina,Monk,10551394,Jasmina.Monk@college.harvard.edu,2
Mariele,Poppy,19183577,Mariele.Poppy@college.harvard.edu,2
Shaylyn,Demitria,13995873,Shaylyn.Demitria@college.harvard.edu,2
Raina,Rosette,10080534,Raina.Rosette@college.harvard.edu,2
Rosanne,Amethist,10610282,Rosanne.Amethist@college.harvard.edu,2
Therine,Ezar,10098113,Therine.Ezar@college.harvard.edu,2
Maud,Gordon,17309557,Maud.Gordon@college.harvard.edu,2
Aili,Jary,11802273,Aili.Jary@college.harvard.edu,2
Jennica,Richers,15184506,Jennica.Richers@college.harvard.edu,2
Gusty,Orlene,16824746,Gusty.Orlene@college.harvard.edu,2
Suzette,Cleavland,15899060,Suzette.Cleavland@college.harvard.edu,2
Jessamyn,Jacobah,11089890,Jessamyn.Jacobah@college.harvard.edu,2
Sashenka,Voletta,19458733,Sashenka.Voletta@college.harvard.edu,2
Linzy,Karl,12725193,Linzy.Karl@college.harvard.edu,2
Andree,Leary,18442680,Andree.Leary@college.harvard.edu,2
Belinda,Dearborn,19309341,Belinda.Dearborn@college.harvard.edu,2
Winny,Weitman,13543075,Winny.Weitman@college.harvard.edu,2
Jorry,Holbrook,19036107,Jorry.Holbrook@college.harvard.edu,2
Chloris,Boycey,10505139,Chloris.Boycey@college.harvard.edu,2
Elvira,Sophronia,10448144,Elvira.Sophronia@college.harvard.edu,2
Maud,Elsinore,18453581,Maud.Elsinore@college.harvard.edu,2
Bernie,Tristram,16206011,Bernie.Tristram@college.harvard.edu,2
Roz,Kalinda,13162195,Roz.Kalinda@college.harvard.edu,2
Latisha,Lowry,15627752,Latisha.Lowry@college.harvard.edu,2
Annora,Nicoline,11662200,Annora.Nicoline@college.harvard.edu,2
Susette,O'Rourke,15958817,Susette.O'Rourke@college.harvard.edu,2
Marika,Kannry,17441113,Marika.Kannry@college.harvard.edu,2
Sherrie,Anselmi,10852333,Sherrie.Anselmi@college.harvard.edu,2
Thalia,Manolo,12596752,Thalia.Manolo@college.harvard.edu,2
Alie,Tybald,14250354,Alie.Tybald@college.harvard.edu,2
Cherilyn,Egbert,11969863,Cherilyn.Egbert@college.harvard.edu,2
Talya,Heisel,15024268,Talya.Heisel@college.harvard.edu,2
Britni,Tybald,10439068,Britni.Tybald@college.harvard.edu,2
Fawne,Sigfrid,11903270,Fawne.Sigfrid@college.harvard.edu,2
Jorry,Stilwell,19574470,Jorry.Stilwell@college.harvard.edu,2
Melanie,Chinua,14492121,Melanie.Chinua@college.harvard.edu,2
Myriam,Cordi,15070777,Myriam.Cordi@college.harvard.edu,2
Latisha,Verger,19686138,Latisha.Verger@college.harvard.edu,2
Jsandye,Raseda,10487563,Jsandye.Raseda@college.harvard.edu,2
Latisha,Even,18843429,Latisha.Even@college.harvard.edu,2
Elise,Adalbert,13637858,Elise.Adalbert@college.harvard.edu,2
Nikki,Bobbee,16133910,Nikki.Bobbee@college.harvard.edu,2
Gilda,Brieta,11581271,Gilda.Brieta@college.harvard.edu,2
