Carly,Haymes,10825876,Carly.Haymes@college.harvard.edu,3
Chloris,Shaddock,14456015,Chloris.Shaddock@college.harvard.edu,3
Keelia,Ricki,11961947,Keelia.Ricki@college.harvard.edu,3
Lauryn,Tamsky,14140421,Lauryn.Tamsky@college.harvard.edu,3
Gerianna,Maples,11245424,Gerianna.Maples@college.harvard.edu,3
Jeanna,Isidore,16935372,Jeanna.Isidore@college.harvard.edu,3
Dorene,Jalbert,17402190,Dorene.Jalbert@college.harvard.edu,3
Brietta,Primalia,16916977,Brietta.Primalia@college.harvard.edu,3
Nickie,Suk,14479374,Nickie.Suk@college.harvard.edu,3
Annecorinne,Jerald,14448714,Annecorinne.Jerald@college.harvard.edu,3
Agathe,Maribeth,10512634,Agathe.Maribeth@college.harvard.edu,3
Elsie,Quinn,10763714,Elsie.Quinn@college.harvard.edu,3
Willetta,Lay,10596364,Willetta.Lay@college.harvard.edu,3
Jessamyn,Ahab,13090028,Jessamyn.Ahab@college.harvard.edu,3
Marcy,Sharl,11533090,Marcy.Sharl@college.harvard.edu,3
Olwen,Pauly,12585710,Olwen.Pauly@college.harvard.edu,3
Marti,Flyn,15811996,Marti.Flyn@college.harvard.edu,3
Josephine,Chaing,10018430,Josephine.Chaing@college.harvard.edu,3
Alia,Ax,18292267,Alia.Ax@college.harvard.edu,3
Orelia,Diann,16575256,Orelia.Diann@college.harvard.edu,3
Priscilla,Vale,13265824,Priscilla.Vale@college.harvard.edu,3
Clementine,Granoff,10504852,Clementine.Granoff@college.harvard.edu,3
Siana,Annice,13442797,Siana.Annice@college.harvard.edu,3
Winny,Tryck,14652923,Winny.Tryck@college.harvard.edu,3
Maisey,Gilbertson,10211491,Maisey.Gilbertson@college.harvard.edu,3
Sam,Tound,13871481,Sam.Tound@college.harvard.edu,3
Jobi,Gusella,15831002,Jobi.Gusella@college.harvard.edu,3
Lorne,Boehike,11213265,Lorne.Boehike@college.harvard.edu,3
Alleen,Rosemary,10161183,Alleen.Rosemary@college.harvard.edu,3
Fernande,Nester,16794516,Fernande.Nester@college.harvard.edu,3
Bertine,Newell,19032590,Bertine.Newell@college.harvard.edu,3
Doro,Dom,17592122,Doro.Dom@college.harvard.edu,3
Bibby,Halsey,19785346,Bibby.Halsey@college.harvard.edu,3
Ekaterina,Salvidor,15037295,Ekaterina.Salvidor@college.harvard.edu,3
Vevay,Sancho,15364919,Vevay.Sancho@college.harvard.edu,3
Corly,Stelle,13629300,Corly.Stelle@college.harvard.edu,3
Alia,Wenoa,13934131,Alia.Wenoa@college.harvard.edu,3
Nariko,Sallyann,18953266,Nariko.Sallyann@college.harvard.edu,3
Xylina,Guildroy,16246904,Xylina.Guildroy@college.harvard.edu,3
Mady,Larochelle,14035179,Mady.Larochelle@college.harvard.edu,3
Josephine,Wesle,11985936,Josephine.Wesle@college.harvard.edu,3
Britte,Yate,12685480,Britte.Yate@college.harvard.edu,3
Edyth,Concha,19745556,Edyth.Concha@college.harvard.edu,3
Lyssa,Timon,19679574,Lyssa.Timon@college.harvard.edu,3
Rubie,Allare,17495367,Rubie.Allare@college.harvard.edu,3
Caryl,Gabrielli,11664492,Caryl.Gabrielli@college.harvard.edu,3
Raina,Jammal,13224952,Raina.Jammal@college.harvard.edu,3
Josephine,Grosz,10004157,Josephine.Grosz@college.harvard.edu,3
Julieta,Dash,12116605,Julieta.Dash@college.harvard.edu,3
Lila,Bergman,18979745,Lila.Bergman@college.harvard.edu,3
Ottilie,Codding,12467150,Ottilie.Codding@college.harvard.edu,3
Teriann,Dorcy,17891433,Teriann.Dorcy@college.harvard.edu,3
Jessy,Rodmann,11879077,Jessy.Rodmann@college.harvard.edu,3
Heddie,Drus,14151283,Heddie.Drus@college.harvard.edu,3
Marjie,Johanna,16153602,Marjie.Johanna@college.harvard.edu,3
Rori,Hebner,19289418,Rori.Hebner@college.harvard.edu,3
Jany,Yuille,14300562,Jany.Yuille@college.harvard.edu,3
Jany,Chick,16714167,Jany.Chick@college.harvard.edu,3
Kayla,Kaete,11745772,Kayla.Kaete@college.harvard.edu,3
Tarra,Hessler,14325727,Tarra.Hessler@college.harvard.edu,3
Allyce,Melony,14607204,Allyce.Melony@college.harvard.edu,3
Kaja,Carbo,10160444,Kaja.Carbo@college.harvard.edu,3
Ottilie,Jarib,13711019,Ottilie.Jarib@college.harvard.edu,3
Harmonia,Carri,12627315,Harmonia.Carri@college.harvard.edu,3
Sadie,Isidore,18358708,Sadie.Isidore@college.harvard.edu,3
Maud,Faust,16110589,Maud.Faust@college.harvard.edu,3
Bettine,Center,10020605,Bettine.Center@college.harvard.edu,3
Chickie,Shanley,13273260,Chickie.Shanley@college.harvard.edu,3
Cristine,Regan,17652493,Cristine.Regan@college.harvard.edu,3
Benita,Chesna,12792205,Benita.Chesna@college.harvard.edu,3
Damaris,Ranjiv,16960175,Damaris.Ranjiv@college.harvard.edu,3
Dianemarie,Naashom,15387105,Dianemarie.Naashom@college.harvard.edu,3
Dorene,Bobbee,19203569,Dorene.Bobbee@college.harvard.edu,3
Doro,Gaulin,10773417,Doro.Gaulin@college.harvard.edu,3
Kary,Mozelle,16343712,Kary.Mozelle@college.harvard.edu,3
Leia,Peg,10541191,Leia.Peg@college.harvard.edu,3
Alyda,Krystle,18964732,Alyda.Krystle@college.harvard.edu,3
Odessa,Oster,19803879,Odessa.Oster@college.harvard.edu,3
Elbertina,Whiffen,16091423,Elbertina.Whiffen@college.harvard.edu,3
Darci,Agle,18206648,Darci.Agle@college.harvard.edu,3
Vinita,Halla,15971409,Vinita.Halla@college.harvard.edu,3
Aubrie,Bergman,16604704,Aubrie.Bergman@college.harvard.edu,3
Ardys,Merna,11103500,Ardys.Merna@college.harvard.edu,3
Shandie,Shanley,19498550,Shandie.Shanley@college.harvard.edu,3
Lolita,Gunn,19917300,Lolita.Gunn@college.harvard.edu,3
Kayla,Kravits,11655959,Kayla.Kravits@college.harvard.edu,3
Antonietta,Naor,10356185,Antonietta.Naor@college.harvard.edu,3
Carol-Jean,Niccolo,11071543,Carol-Jean.Niccolo@college.harvard.edu,3
Joelly,Bury,17026673,Joelly.Bury@college.harvard.edu,3
Margette,Daegal,14013879,Margette.Daegal@college.harvard.edu,3
Latisha,Armanda,14740383,Latisha.Armanda@college.harvard.edu,3
Susette,Yusuk,10166544,Susette.Yusuk@college.harvard.edu,3
Annecorinne,Hutchison,13738498,Annecorinne.Hutchison@college.harvard.edu,3
Winifred,Lucienne,11379553,Winifred.Lucienne@college.harvard.edu,3
Cherrita,Zuzana,11343879,Cherrita.Zuzana@college.harvard.edu,3
Audrie,Carvey,11480963,Audrie.Carvey@college.harvard.edu,3
Melanie,Sheedy,11825993,Melanie.Sheedy@college.harvard.edu,3
Jolyn,Avi,17367646,Jolyn.Avi@college.harvard.edu,3
Xylina,Gemini,15508561,Xylina.Gemini@college.harvard.edu,3
Nannie,Guthrie,10524332,Nannie.Guthrie@college.harvard.edu,3
Mary,Bultman,15750814,Mary.Bultman@college.harvard.edu,3
Mireielle,Anselmi,13980421,Mireielle.Anselmi@college.harvard.edu,3
Carly,Ehrman,15917292,Carly.Ehrman@college.harvard.edu,3
Bee,Erich,16134294,Bee.Erich@college.harvard.edu,3
Kathi,Millda,15187822,Kathi.Millda@college.harvard.edu,3
Heida,Ummersen,14631515,Heida.Ummersen@college.harvard.edu,3
Amii,Whiffen,16183903,Amii.Whiffen@college.harvard.edu,3
Caryl,Leler,16651088,Caryl.Leler@college.harvard.edu,3
Dorthy,Dash,19938733,Dorthy.Dash@college.harvard.edu,3
Patricia,Garek,16825995,Patricia.Garek@college.harvard.edu,3
Reeba,Giule,10967953,Reeba.Giule@college.harvard.edu,3
Roxane,Grimbly,19307861,Roxane.Grimbly@college.harvard.edu,3
Babita,Ursulette,10084333,Babita.Ursulette@college.harvard.edu,3
Sharlene,Adalbert,15917034,Sharlene.Adalbert@college.harvard.edu,3
Bernie,Hylan,13525769,Bernie.Hylan@college.harvard.edu,3
Kial,Cadmar,17749962,Kial.Cadmar@college.harvard.edu,3
Gabriellia,Dyche,17931888,Gabriellia.Dyche@college.harvard.edu,3
Hermione,Garek,18831561,Hermione.Garek@college.harvard.edu,3
Leona,Raychel,19810764,Leona.Raychel@college.harvard.edu,3
Hyacinthe,Drus,14118264,Hyacinthe.Drus@college.harvard.edu,3
Danika,Ochs,10456197,Danika.Ochs@college.harvard.edu,3
Gale,Shirberg,12853832,Gale.Shirberg@college.harvard.edu,3
Larine,Ardra,12884046,Larine.Ardra@college.harvard.edu,3
Paule,Madox,19133819,Paule.Madox@college.harvard.edu,3
Rosanne,Ajay,16461573,Rosanne.Ajay@college.harvard.edu,3
Minda,Wu,16437665,Minda.Wu@college.harvard.edu,3
Cherilyn,Lesley,10192776,Cherilyn.Lesley@college.harvard.edu,3
Henriette,Carlson,17471568,Henriette.Carlson@college.harvard.edu,3
Neila,Schroth,19328826,Neila.Schroth@college.harvard.edu,3
Noelle,Desai,15465784,Noelle.Desai@college.harvard.edu,3
Zondra,Ellord,13839371,Zondra.Ellord@college.harvard.edu,3
Dode,Anastatius,17753686,Dode.Anastatius@college.harvard.edu,3
Wanda,Kress,16063388,Wanda.Kress@college.harvard.edu,3
Sidoney,Killigrew,16927572,Sidoney.Killigrew@college.harvard.edu,3
Delilah,Wilkinson,14720800,Delilah.Wilkinson@college.harvard.edu,3
Helena,Land,15106524,Helena.Land@college.harvard.edu,3
Caritta,Adamsen,19690657,Caritta.Adamsen@college.harvard.edu,3
Ellette,Rozanna,14317018,Ellette.Rozanna@college.harvard.edu,3
Kaja,Wandie,16040250,Kaja.Wandie@college.harvard.edu,3
Addia,Jacobah,15984284,Addia.Jacobah@college.harvard.edu,3
Alleen,Dex,18465298,Alleen.Dex@college.harvard.edu,3
Shandie,Ovid,17742716,Shandie.Ovid@college.harvard.edu,3
Joleen,Halsey,14862378,Joleen.Halsey@college.harvard.edu,3
Carolina,Wadell,19549229,Carolina.Wadell@college.harvard.edu,3
Maye,Tufts,18398005,Maye.Tufts@college.harvard.edu,3
Romona,Demitria,19907914,Romona.Demitria@college.harvard.edu,3
Sybille,Seessel,16966292,Sybille.Seessel@college.harvard.edu,3
Carol-Jean,Carey,12701460,Carol-Jean.Carey@college.harvard.edu,3
Claresta,Monaco,10359657,Claresta.Monaco@college.harvard.edu,3
Madelle,Nikaniki,11264406,Madelle.Nikaniki@college.harvard.edu,3
Lauryn,Jalbert,15950162,Lauryn.Jalbert@college.harvard.edu,3
Alie,Vanni,16326680,Alie.Vanni@college.harvard.edu,3
Meriel,Howlyn,11602393,Meriel.Howlyn@college.harvard.edu,3
Ottilie,Johnsson,19616157,Ottilie.Johnsson@college.harvard.edu,3
Demetris,Adalbert,12933656,Demetris.Adalbert@college.harvard.edu,3
Carly,Cohdwell,19467576,Carly.Cohdwell@college.harvard.edu,3
Laure,Romelda,17000645,Laure.Romelda@college.harvard.edu,3
Bernardine,Boycey,16023468,Bernardine.Boycey@college.harvard.edu,3
Maye,Justinn,17038012,Maye.Justinn@college.harvard.edu,3
Myrtice,Leopold,14772626,Myrtice.Leopold@college.harvard.edu,3
Renae,Rheingold,12349951,Renae.Rheingold@college.harvard.edu,3
Laurene,Lamoree,19857961,Laurene.Lamoree@college.harvard.edu,3
Jessamyn,Wadell,19237850,Jessamyn.Wadell@college.harvard.edu,3
Blondelle,Stuart,12665888,Blondelle.Stuart@college.harvard.edu,3
Dulce,Mathilde,10583438,Dulce.Mathilde@college.harvard.edu,3
Justinn,Papageno,13205422,Justinn.Papageno@college.harvard.edu,3
Konstance,Talia,18555352,Konstance.Talia@college.harvard.edu,3
Jan,Elsinore,18874845,Jan.Elsinore@college.harvard.edu,3
Priscilla,Atcliffe,10738212,Priscilla.Atcliffe@college.harvard.edu,3
Pearline,Kaja,14368835,Pearline.Kaja@college.harvard.edu,3
Kamilah,Dex,17490516,Kamilah.Dex@college.harvard.edu,3
Maurene,Reneta,15341215,Maurene.Reneta@college.harvard.edu,3
Etta,Darbie,10556917,Etta.Darbie@college.harvard.edu,3
Emelina,Hachmin,18917186,Emelina.Hachmin@college.harvard.edu,3
Aurore,Martsen,18671855,Aurore.Martsen@college.harvard.edu,3
Jan,Liva,16093870,Jan.Liva@college.harvard.edu,3
Clarice,Joli,12851512,Clarice.Joli@college.harvard.edu,3
Leeanne,Monaco,17596570,Leeanne.Monaco@college.harvard.edu,3
Robinia,Larochelle,16935466,Robinia.Larochelle@college.harvard.edu,3
Elora,Haerr,11676178,Elora.Haerr@college.harvard.edu,3
Britte,Baudin,10787024,Britte.Baudin@college.harvard.edu,3
Suzette,Etom,18230466,Suzette.Etom@college.harvard.edu,3
Fanny,Peg,12661749,Fanny.Peg@college.harvard.edu,3
Joelly,Isacco,15612284,Joelly.Isacco@college.harvard.edu,3
Shell,Phaidra,13136613,Shell.Phaidra@college.harvard.edu,3
Adelle,Nea,13071744,Adelle.Nea@college.harvard.edu,3
Kary,Hurley,19259148,Kary.Hurley@college.harvard.edu,3
Gaylene,Chandler,12192844,Gaylene.Chandler@college.harvard.edu,3
Angelique,Briney,14065940,Angelique.Briney@college.harvard.edu,3
