Beth,Roxanna,13130130,Beth.Roxanna@college.harvard.edu,4
Kaia,Cavan,19395700,Kaia.Cavan@college.harvard.edu,4
Isa,Suanne,10263083,Isa.Suanne@college.harvard.edu,4
Kary,Kamaria,18903342,Kary.Kamaria@college.harvard.edu,4
Lanae,Nore,12433872,Lanae.Nore@college.harvard.edu,4
Celestyna,Annice,16236203,Celestyna.Annice@college.harvard.edu,4
Charlena,Nedrud,17314209,Charlena.Nedrud@college.harvard.edu,4
Sophia,Lasley,14992235,Sophia.Lasley@college.harvard.edu,4
Ivett,Marcellus,16350342,Ivett.Marcellus@college.harvard.edu,4
Aigneis,Zeeba,15499848,Aigneis.Zeeba@college.harvard.edu,4
Linet,Rosette,17390813,Linet.Rosette@college.harvard.edu,4
Cristabel,Shields,11557985,Cristabel.Shields@college.harvard.edu,4
Nerta,Maroney,14711834,Nerta.Maroney@college.harvard.edu,4
Raf,Alice,14741315,Raf.Alice@college.harvard.edu,4
Giustina,Zrike,10243008,Giustina.Zrike@college.harvard.edu,4
Alex,Clie,11202302,Alex.Clie@college.harvard.edu,4
Albertina,Peg,16155043,Albertina.Peg@college.harvard.edu,4
Marjie,Tristram,18960145,Marjie.Tristram@college.harvard.edu,4
Blake,Arathorn,18718806,Blake.Arathorn@college.harvard.edu,4
Deedee,Stanwood,17175615,Deedee.Stanwood@college.harvard.edu,4
Ottilie,Pond,19601509,Ottilie.Pond@college.harvard.edu,4
Michaelina,Decato,16556965,Michaelina.Decato@college.harvard.edu,4
Laure,Aloise,13243090,Laure.Aloise@college.harvard.edu,4
Evaleen,Wolfgram,13940303,Evaleen.Wolfgram@college.harvard.edu,4
Zondra,Kathie,19999567,Zondra.Kathie@college.harvard.edu,4
Susette,Elephus,15826857,Susette.Elephus@college.harvard.edu,4
Audrie,Weaks,11069346,Audrie.Weaks@college.harvard.edu,4
Lesly,Serilda,14253166,Lesly.Serilda@college.harvard.edu,4
Louella,Eachern,11791568,Louella.Eachern@college.harvard.edu,4
Reeba,Anyah,13425993,Reeba.Anyah@college.harvard.edu,4
Aimil,Reneta,11416674,Aimil.Reneta@college.harvard.edu,4
Brietta,Morgun,17641524,Brietta.Morgun@college.harvard.edu,4
Carly,Hebner,11834210,Carly.Hebner@college.harvard.edu,4
Joleen,Madelene,18827190,Joleen.Madelene@college.harvard.edu,4
Berget,Charity,14398281,Berget.Charity@college.harvard.edu,4
Farrah,Persse,15121382,Farrah.Persse@college.harvard.edu,4
Miquela,Koziara,17633129,Miquela.Koziara@college.harvard.edu,4
Genevra,Pulsifer,18354386,Genevra.Pulsifer@college.harvard.edu,4
Oona,Flita,11679528,Oona.Flita@college.harvard.edu,4
Cam,Roumell,16349829,Cam.Roumell@college.harvard.edu,4
Consuela,Haerr,13072923,Consuela.Haerr@college.harvard.edu,4
Hyacinthe,Ardeha,10077366,Hyacinthe.Ardeha@college.harvard.edu,4
Farrah,Kronfeld,13465275,Farrah.Kronfeld@college.harvard.edu,4
Shauna,Nedrud,17787736,Shauna.Nedrud@college.harvard.edu,4
Charlena,Redmond,10221543,Charlena.Redmond@college.harvard.edu,4
Allyce,Kathie,17267839,Allyce.Kathie@college.harvard.edu,4
Corina,Khorma,18801221,Corina.Khorma@college.harvard.edu,4
Susan,Vittoria,13986225,Susan.Vittoria@college.harvard.edu,4
Viviene,Peg,12383317,Viviene.Peg@college.harvard.edu,4
Vere,Gibbeon,19183260,Vere.Gibbeon@college.harvard.edu,4
Siana,Ciapas,16454736,Siana.Ciapas@college.harvard.edu,4
Nikki,Norrie,15105613,Nikki.Norrie@college.harvard.edu,4
Hyacinthe,Gabrielli,18078241,Hyacinthe.Gabrielli@college.harvard.edu,4
Clarice,Blase,11814082,Clarice.Blase@college.harvard.edu,4
Tracey,Auberbach,13068180,Tracey.Auberbach@college.harvard.edu,4
Addia,Lane,10567888,Addia.Lane@college.harvard.edu,4
Carmencita,Loeb,13019127,Carmencita.Loeb@college.harvard.edu,4
Merry,Nerita,11348526,Merry.Nerita@college.harvard.edu,4
Ermengarde,Justinn,18096914,Ermengarde.Justinn@college.harvard.edu,4
Sherrie,Delila,16543911,Sherrie.Delila@college.harvard.edu,4
Sindee,Holbrook,15918406,Sindee.Holbrook@college.harvard.edu,4
Janis,Yusuk,16678519,Janis.Yusuk@college.harvard.edu,4
Cristabel,Pierette,17574869,Cristabel.Pierette@college.harvard.edu,4
Jaclyn,Brodench,14834037,Jaclyn.Brodench@college.harvard.edu,4
Roberta,Vary,19231132,Roberta.Vary@college.harvard.edu,4
Caritta,Fulmer,10041186,Caritta.Fulmer@college.harvard.edu,4
Sheree,Ezar,18273460,Sheree.Ezar@college.harvard.edu,4
Tabbatha,Drisko,18697548,Tabbatha.Drisko@college.harvard.edu,4
Orelia,Ferrell,11048385,Orelia.Ferrell@college.harvard.edu,4
Roz,Kendrick,14379726,Roz.Kendrick@college.harvard.edu,4
Sindee,Merat,19030500,Sindee.Merat@college.harvard.edu,4
Leanna,Arley,10058655,Leanna.Arley@college.harvard.edu,4
Tabbatha,Dreda,18799150,Tabbatha.Dreda@college.harvard.edu,4
Lauryn,Rustice,16087399,Lauryn.Rustice@college.harvard.edu,4
Ronna,Catie,14828999,Ronna.Catie@college.harvard.edu,4
Nessie,Carolin,13598935,Nessie.Carolin@college.harvard.edu,4
Correy,Xerxes,13107323,Correy.Xerxes@college.harvard.edu,4
Laure,Rosemary,12459845,Laure.Rosemary@college.harvard.edu,4
Jean,Ralfston,18966433,Jean.Ralfston@college.harvard.edu,4
Raf,Amadas,17915051,Raf.Amadas@college.harvard.edu,4
Lexine,Schroth,12373036,Lexine.Schroth@college.harvard.edu,4
Olwen,Alarise,13646043,Olwen.Alarise@college.harvard.edu,4
Marylou,Infield,19490021,Marylou.Infield@college.harvard.edu,4
Tomasina,Hoban,15333981,Tomasina.Hoban@college.harvard.edu,4
Alejandra,Jehu,19470574,Alejandra.Jehu@college.harvard.edu,4
Mady,Havens,14594162,Mady.Havens@college.harvard.edu,4
Jemie,Abbot,18958721,Jemie.Abbot@college.harvard.edu,4
Kirstin,Nadia,16686824,Kirstin.Nadia@college.harvard.edu,4
Glenda,Evangelia,10739274,Glenda.Evangelia@college.harvard.edu,4
Basia,Tamar,16679035,Basia.Tamar@college.harvard.edu,4
Concettina,Madaih,16193384,Concettina.Madaih@college.harvard.edu,4
Verla,Slifka,14567629,Verla.Slifka@college.harvard.edu,4
Rochette,Evangelia,11486913,Rochette.Evangelia@college.harvard.edu,4
Libbie,Malvino,16052807,Libbie.Malvino@college.harvard.edu,4
Allyce,Jeanne,17995375,Allyce.Jeanne@college.harvard.edu,4
Lusa,Billye,17658135,Lusa.Billye@college.harvard.edu,4
Marsiella,Luhe,19570569,Marsiella.Luhe@college.harvard.edu,4
Max,Mike,10085848,Max.Mike@college.harvard.edu,4
Edyth,Bouchard,19788351,Edyth.Bouchard@college.harvard.edu,4
Elie,Winnick,16730800,Elie.Winnick@college.harvard.edu,4
Claresta,Braun,15228995,Claresta.Braun@college.harvard.edu,4
Imojean,Moina,12683453,Imojean.Moina@college.harvard.edu,4
Giustina,Mozelle,10619083,Giustina.Mozelle@college.harvard.edu,4
Marcelline,Hillel,10902962,Marcelline.Hillel@college.harvard.edu,4
Georgetta,Dreda,15355707,Georgetta.Dreda@college.harvard.edu,4
Marsiella,Amadas,19883735,Marsiella.Amadas@college.harvard.edu,4
Fina,Cookie,14052209,Fina.Cookie@college.harvard.edu,4
Sara-Ann,Gregrory,13244934,Sara-Ann.Gregrory@college.harvard.edu,4
Laurene,Christine,13292895,Laurene.Christine@college.harvard.edu,4
Carly,Gregrory,11196802,Carly.Gregrory@college.harvard.edu,4
Norine,Glovsky,18162089,Norine.Glovsky@college.harvard.edu,4
Elmira,Colleen,19595580,Elmira.Colleen@college.harvard.edu,4
Gloria,Cornelia,19880201,Gloria.Cornelia@college.harvard.edu,4
Cherilyn,Stav,14011216,Cherilyn.Stav@college.harvard.edu,4
Melisent,Dichy,19512084,Melisent.Dichy@college.harvard.edu,4
Kerrin,Kylander,18893630,Kerrin.Kylander@college.harvard.edu,4
Raina,August,18986264,Raina.August@college.harvard.edu,4
Fernande,August,19752000,Fernande.August@college.harvard.edu,4
June,Helfand,12262469,June.Helfand@college.harvard.edu,4
Vinita,Wyn,15029274,Vinita.Wyn@college.harvard.edu,4
Kylynn,Plato,18464685,Kylynn.Plato@college.harvard.edu,4
Chrystel,Noam,13872643,Chrystel.Noam@college.harvard.edu,4
Kelly,Anyah,18523066,Kelly.Anyah@college.harvard.edu,4
Lonnie,Vernier,18588606,Lonnie.Vernier@college.harvard.edu,4
Hayley,Thomasina,14250593,Hayley.Thomasina@college.harvard.edu,4
Lynnea,Margarete,12792989,Lynnea.Margarete@college.harvard.edu,4
Larine,Evangelia,14956814,Larine.Evangelia@college.harvard.edu,4
Tomasina,Caitlin,14173866,Tomasina.Caitlin@college.harvard.edu,4
Ulrike,Toffic,19841973,Ulrike.Toffic@college.harvard.edu,4
Camile,Brodench,13484826,Camile.Brodench@college.harvard.edu,4
Dania,Tremayne,11465485,Dania.Tremayne@college.harvard.edu,4
Angela,Duwalt,19037509,Angela.Duwalt@college.harvard.edu,4
Kathi,Korey,14116501,Kathi.Korey@college.harvard.edu,4
Concettina,Klemperer,19145181,Concettina.Klemperer@college.harvard.edu,4
Arabel,Anton,17609591,Arabel.Anton@college.harvard.edu,4
Ruthe,Malvino,10021515,Ruthe.Malvino@college.harvard.edu,4
Britte,Greenwald,15592959,Britte.Greenwald@college.harvard.edu,4
Ursulina,Deny,13606343,Ursulina.Deny@college.harvard.edu,4
Catrina,Honoria,10506474,Catrina.Honoria@college.harvard.edu,4
Basia,Elsinore,15094239,Basia.Elsinore@college.harvard.edu,4
Marti,Maisey,17171855,Marti.Maisey@college.harvard.edu,4
Drucie,Abram,15790582,Drucie.Abram@college.harvard.edu,4
Malina,Bonilla,10078311,Malina.Bonilla@college.harvard.edu,4
Clarice,Philoo,14558528,Clarice.Philoo@college.harvard.edu,4
Rhoda,Gale,14088915,Rhoda.Gale@college.harvard.edu,4
Paulita,Felizio,12402678,Paulita.Felizio@college.harvard.edu,4
Fina,Hoban,19667123,Fina.Hoban@college.harvard.edu,4
Merrie,Ivens,17807279,Merrie.Ivens@college.harvard.edu,4
Jobi,Creamer,18169826,Jobi.Creamer@college.harvard.edu,4
Elka,Haldas,10629376,Elka.Haldas@college.harvard.edu,4
Tina,Isidore,10302738,Tina.Isidore@college.harvard.edu,4
Lonnie,Blisse,14330413,Lonnie.Blisse@college.harvard.edu,4
Atlanta,Ax,12834470,Atlanta.Ax@college.harvard.edu,4
Deane,Faria,18144500,Deane.Faria@college.harvard.edu,4
