Pierette,Hutchison,16577108,Pierette.Hutchison@college.harvard.edu,5
Gale,Hermes,10553554,Gale.Hermes@college.harvard.edu,5
Jaclyn,Flita,18705071,Jaclyn.Flita@college.harvard.edu,5
Bernardine,Sophronia,16311101,Bernardine.Sophronia@college.harvard.edu,5
Melanie,Merna,17144995,Melanie.Merna@college.harvard.edu,5
Catrina,Persse,14686761,Catrina.Persse@college.harvard.edu,5
Maud,Thema,19209764,Maud.Thema@college.harvard.edu,5
Marti,Alva,15373184,Marti.Alva@college.harvard.edu,5
Carmencita,Drisko,17368711,Carmencita.Drisko@college.harvard.edu,5
Carol-Jean,Elsinore,13442638,Carol-Jean.Elsinore@college.harvard.edu,5
Luci,Dulciana,17658485,Luci.Dulciana@college.harvard.edu,5
Jenda,Diann,15279072,Jenda.Diann@college.harvard.edu,5
Belva,Wenoa,13029453,Belva.Wenoa@college.harvard.edu,5
Tobe,Emmy,18787384,Tobe.Emmy@college.harvard.edu,5
Ronna,Waldron,17957371,Ronna.Waldron@college.harvard.edu,5
Myriam,Sinegold,15041739,Myriam.Sinegold@college.harvard.edu,5
Keelia,Tippets,18861408,Keelia.Tippets@college.harvard.edu,5
Ardenia,Wareing,11026377,Ardenia.Wareing@college.harvard.edu,5
Kathi,Emmy,13607623,Kathi.Emmy@college.harvard.edu,5
Randa,Howlyn,10495975,Randa.Howlyn@college.harvard.edu,5
Roseline,Belanger,13040203,Roseline.Belanger@college.harvard.edu,5
Olivette,Sprage,12803689,Olivette.Sprage@college.harvard.edu,5
Brena,Huggins,11493336,Brena.Huggins@college.harvard.edu,5
Mady,Kunin,16516136,Mady.Kunin@college.harvard.edu,5
Genevra,Harriman,17355758,Genevra.Harriman@college.harvard.edu,5
Blondelle,Fink,12658378,Blondelle.Fink@college.harvard.edu,5
Kaja,Mike,15552390,Kaja.Mike@college.harvard.edu,5
Marguerite,Uird,10617958,Marguerite.Uird@college.harvard.edu,5
Atlanta,Elbertina,19463693,Atlanta.Elbertina@college.harvard.edu,5
Merle,Ioab,19055556,Merle.Ioab@college.harvard.edu,5
Bobinette,Matthew,15380655,Bobinette.Matthew@college.harvard.edu,5
Siana,Soneson,17998677,Siana.Soneson@college.harvard.edu,5
Angela,Harned,16145536,Angela.Harned@college.harvard.edu,5
Jessamyn,Konyn,11424171,Jessamyn.Konyn@college.harvard.edu,5
Briney,Hoban,17562479,Briney.Hoban@college.harvard.edu,5
Myriam,Fabiola,13646566,Myriam.Fabiola@college.harvard.edu,5
Ardys,Ursulette,19257991,Ardys.Ursulette@college.harvard.edu,5
Anica,Yusuk,17348593,Anica.Yusuk@college.harvard.edu,5
Monika,Allare,16411504,Monika.Allare@college.harvard.edu,5
Beatriz,Clara,15921985,Beatriz.Clara@college.harvard.edu,5
Edith,Niles,14699985,Edith.Niles@college.harvard.edu,5
Yetty,Ralfston,17852222,Yetty.Ralfston@college.harvard.edu,5
Cyndie,Flita,14725651,Cyndie.Flita@college.harvard.edu,5
Alameda,Pozzy,11272947,Alameda.Pozzy@college.harvard.edu,5
Rhea,Honoria,14749518,Rhea.Honoria@college.harvard.edu,5
Laure,Shama,16817632,Laure.Shama@college.harvard.edu,5
Benita,Zola,18055753,Benita.Zola@college.harvard.edu,5
Kathi,Urania,12496538,Kathi.Urania@college.harvard.edu,5
Dede,Vanni,11772048,Dede.Vanni@college.harvard.edu,5
Lenna,Gillan,16279900,Lenna.Gillan@college.harvard.edu,5
Fred,Malina,11351426,Fred.Malina@college.harvard.edu,5
Emma,Braun,16996166,Emma.Braun@college.harvard.edu,5
Evaleen,Cassius,14474086,Evaleen.Cassius@college.harvard.edu,5
Susette,Tillford,15143150,Susette.Tillford@college.harvard.edu,5
Arlina,Chabot,14578894,Arlina.Chabot@college.harvard.edu,5
Shirlee,Harl,10033912,Shirlee.Harl@college.harvard.edu,5
Mariann,Ellord,19579544,Mariann.Ellord@college.harvard.edu,5
Myriam,Freddi,19696593,Myriam.Freddi@college.harvard.edu,5
Penelopa,Honoria,15128348,Penelopa.Honoria@college.harvard.edu,5
Elie,Dearborn,15995500,Elie.Dearborn@college.harvard.edu,5
Yvonne,Saint,10591751,Yvonne.Saint@college.harvard.edu,5
Cacilie,Raama,11811983,Cacilie.Raama@college.harvard.edu,5
Kaja,Raimondo,13394970,Kaja.Raimondo@college.harvard.edu,5
Sabina,Greyson,17067573,Sabina.Greyson@college.harvard.edu,5
Gilda,Japeth,12094028,Gilda.Japeth@college.harvard.edu,5
Elvira,Trace,18261690,Elvira.Trace@college.harvard.edu,5
Ninnetta,Reinke,12248015,Ninnetta.Reinke@college.harvard.edu,5
Dotty,Ciapas,18158965,Dotty.Ciapas@college.harvard.edu,5
Kassey,Linehan,14799851,Kassey.Linehan@college.harvard.edu,5
Rosene,Zaslow,16287104,Rosene.Zaslow@college.harvard.edu,5
Shirlee,Ader,16064336,Shirlee.Ader@college.harvard.edu,5
Leontine,Othilia,15282868,Leontine.Othilia@college.harvard.edu,5
Karlee,Schonfeld,19820706,Karlee.Schonfeld@college.harvard.edu,5
Caryl,Lemuela,19722099,Caryl.Lemuela@college.harvard.edu,5
Ursulina,Rurik,16352190,Ursulina.Rurik@college.harvard.edu,5
Lanna,Ax,12109866,Lanna.Ax@college.harvard.edu,5
Marita,Montgomery,19055511,Marita.Montgomery@college.harvard.edu,5
Max,Stefa,11386392,Max.Stefa@college.harvard.edu,5
Elie,Braun,15852691,Elie.Braun@college.harvard.edu,5
Katuscha,Jefferey,12413018,Katuscha.Jefferey@college.harvard.edu,5
Gerrie,Wesle,10902416,Gerrie.Wesle@college.harvard.edu,5
Steffane,Trey,17371149,Steffane.Trey@college.harvard.edu,5
Selia,Zaslow,12407592,Selia.Zaslow@college.harvard.edu,5
Kial,Ochs,12922281,Kial.Ochs@college.harvard.edu,5
Briney,Trace,13702123,Briney.Trace@college.harvard.edu,5
Nollie,Magnolia,10407725,Nollie.Magnolia@college.harvard.edu,5
Kial,Eugenia,14817356,Kial.Eugenia@college.harvard.edu,5
Sabina,Carmena,18244992,Sabina.Carmena@college.harvard.edu,5
Vere,Rona,17915729,Vere.Rona@college.harvard.edu,5
Justinn,Marisa,18463184,Justinn.Marisa@college.harvard.edu,5
Camile,Ciro,18579615,Camile.Ciro@college.harvard.edu,5
Camile,Jaylene,17882248,Camile.Jaylene@college.harvard.edu,5
Willetta,Rolf,14855118,Willetta.Rolf@college.harvard.edu,5
Aurore,Sothena,11939434,Aurore.Sothena@college.harvard.edu,5
Adele,Isidore,13627838,Adele.Isidore@college.harvard.edu,5
Ursulina,Sandye,13713468,Ursulina.Sandye@college.harvard.edu,5
Brana,Morrill,15793104,Brana.Morrill@college.harvard.edu,5
Claudina,Clara,15834642,Claudina.Clara@college.harvard.edu,5
Cacilie,Garlinda,15591055,Cacilie.Garlinda@college.harvard.edu,5
Kassey,Reneta,17949649,Kassey.Reneta@college.harvard.edu,5
Leona,Tatianas,18715331,Leona.Tatianas@college.harvard.edu,5
Maryellen,Durante,14111756,Maryellen.Durante@college.harvard.edu,5
Melisent,Danby,17656632,Melisent.Danby@college.harvard.edu,5
Carree,Goode,16940144,Carree.Goode@college.harvard.edu,5
Konstance,Berl,10749924,Konstance.Berl@college.harvard.edu,5
Estell,Garek,12977403,Estell.Garek@college.harvard.edu,5
Robinia,Federica,13736039,Robinia.Federica@college.harvard.edu,5
Joleen,Dahlia,19618259,Joleen.Dahlia@college.harvard.edu,5
Zondra,Kazimir,18680396,Zondra.Kazimir@college.harvard.edu,5
Rubie,Marijo,15074851,Rubie.Marijo@college.harvard.edu,5
Belinda,Burnside,18589792,Belinda.Burnside@college.harvard.edu,5
Delilah,Keelia,10348937,Delilah.Keelia@college.harvard.edu,5
Fernande,Garlinda,14571916,Fernande.Garlinda@college.harvard.edu,5
Gretal,Berne,12116363,Gretal.Berne@college.harvard.edu,5
Di,Breed,13105368,Di.Breed@college.harvard.edu,5
Lorie,Brandice,16256693,Lorie.Brandice@college.harvard.edu,5
Gusty,Roche,13328560,Gusty.Roche@college.harvard.edu,5
Linzy,Salchunas,11655704,Linzy.Salchunas@college.harvard.edu,5
Alleen,Norvol,11985200,Alleen.Norvol@college.harvard.edu,5
Nanete,Knowling,14484916,Nanete.Knowling@college.harvard.edu,5
Lexine,Donoghue,18997450,Lexine.Donoghue@college.harvard.edu,5
Feliza,Ursulette,16147570,Feliza.Ursulette@college.harvard.edu,5
Jeanna,Oster,12199161,Jeanna.Oster@college.harvard.edu,5
Gianina,Mitzi,12312524,Gianina.Mitzi@college.harvard.edu,5
Lauryn,Timon,11998883,Lauryn.Timon@college.harvard.edu,5
Esmeralda,Geffner,10847135,Esmeralda.Geffner@college.harvard.edu,5
Dolli,Damarra,17576421,Dolli.Damarra@college.harvard.edu,5
Paulita,Prouty,15145770,Paulita.Prouty@college.harvard.edu,5
Zondra,Chauncey,18287341,Zondra.Chauncey@college.harvard.edu,5
Brana,Corilla,19971378,Brana.Corilla@college.harvard.edu,5
Blinni,Dunkin,18368733,Blinni.Dunkin@college.harvard.edu,5
Jemie,Calhoun,19660768,Jemie.Calhoun@college.harvard.edu,5
Karly,Whittaker,17377043,Karly.Whittaker@college.harvard.edu,5
Lucy,Pierette,11339895,Lucy.Pierette@college.harvard.edu,5
Dianemarie,Kazimir,18044706,Dianemarie.Kazimir@college.harvard.edu,5
Kore,Elisha,18360260,Kore.Elisha@college.harvard.edu,5
Dari,Demitria,10003659,Dari.Demitria@college.harvard.edu,5
Krystle,Nadia,12642540,Krystle.Nadia@college.harvard.edu,5
Tomasina,Neils,15491093,Tomasina.Neils@college.harvard.edu,5
Dulce,Burch,18908062,Dulce.Burch@college.harvard.edu,5
Giustina,Imelida,14146407,Giustina.Imelida@college.harvard.edu,5
Jessamyn,Norvol,13093153,Jessamyn.Norvol@college.harvard.edu,5
Laure,Hazlett,15521727,Laure.Hazlett@college.harvard.edu,5
Emilia,Amethist,16165129,Emilia.Amethist@college.harvard.edu,5
Jan,Gaynor,14060128,Jan.Gaynor@college.harvard.edu,5
Chandra,Weide,11988391,Chandra.Weide@college.harvard.edu,5
Charissa,Delila,11952173,Charissa.Delila@college.harvard.edu,5
Demetris,Grosz,16722374,Demetris.Grosz@college.harvard.edu,5
Annabela,Tound,12690522,Annabela.Tound@college.harvard.edu,5
Brietta,Norrie,18432003,Brietta.Norrie@college.harvard.edu,5
Ana,Burch,11064056,Ana.Burch@college.harvard.edu,5
Stephanie,Kravits,11417888,Stephanie.Kravits@college.harvard.edu,5
Stevana,Orlene,12857917,Stevana.Orlene@college.harvard.edu,5
Lily,Helfand,12842888,Lily.Helfand@college.harvard.edu,5
Daune,Torray,10765583,Daune.Torray@college.harvard.edu,5
Layla,Moina,15473801,Layla.Moina@college.harvard.edu,5
Brooks,Creamer,19351121,Brooks.Creamer@college.harvard.edu,5
Carmela,Karna,17425501,Carmela.Karna@college.harvard.edu,5
Robbi,Suk,12603456,Robbi.Suk@college.harvard.edu,5
Marinna,Lubin,19679778,Marinna.Lubin@college.harvard.edu,5
Merry,Lunsford,15030655,Merry.Lunsford@college.harvard.edu,5
Evaleen,Ashely,15240424,Evaleen.Ashely@college.harvard.edu,5
Alia,Audly,11579133,Alia.Audly@college.harvard.edu,5
Aaren,Torray,12031783,Aaren.Torray@college.harvard.edu,5
Nannie,Doig,11796401,Nannie.Doig@college.harvard.edu,5
Gerrie,Morrill,14919551,Gerrie.Morrill@college.harvard.edu,5
Quintina,Ralfston,10073376,Quintina.Ralfston@college.harvard.edu,5
Lila,Sinegold,19159524,Lila.Sinegold@college.harvard.edu,5
Noelle,Mozelle,12677312,Noelle.Mozelle@college.harvard.edu,5
Arabel,Dalli,18867335,Arabel.Dalli@college.harvard.edu,5
Ketti,Yorick,14552309,Ketti.Yorick@college.harvard.edu,5
Charissa,Garrison,10164177,Charissa.Garrison@college.harvard.edu,5
Cathyleen,Sholley,16958010,Cathyleen.Sholley@college.harvard.edu,5
Judy,Merell,10991251,Judy.Merell@college.harvard.edu,5
Gretal,Muriel,17593926,Gretal.Muriel@college.harvard.edu,5
