Anthia,Blase,14657089,Anthia.Blase@college.harvard.edu,6
Gusty,Merat,11280490,Gusty.Merat@college.harvard.edu,6
Bertine,Merell,19533403,Bertine.Merell@college.harvard.edu,6
Emmey,Boehike,19456940,Emmey.Boehike@college.harvard.edu,6
Myriam,Jerold,11845800,Myriam.Jerold@college.harvard.edu,6
Eve,Guthrie,14490284,Eve.Guthrie@college.harvard.edu,6
Maridel,Madaih,10107444,Maridel.Madaih@college.harvard.edu,6
Barbi,Fabiola,17888309,Barbi.Fabiola@college.harvard.edu,6
Cyb,Rurik,10785022,Cyb.Rurik@college.harvard.edu,6
Robinia,Shirberg,15304763,Robinia.Shirberg@college.harvard.edu,6
Gertrud,Abbot,18844206,Gertrud.Abbot@college.harvard.edu,6
Dania,Boycey,11614816,Dania.Boycey@college.harvard.edu,6
Chickie,Chandler,17953550,Chickie.Chandler@college.harvard.edu,6
Rochette,Genna,19958152,Rochette.Genna@college.harvard.edu,6
Heddie,Newell,14364128,Heddie.Newell@college.harvard.edu,6
Natka,Zenas,17293652,Natka.Zenas@college.harvard.edu,6
Dulcinea,Septima,13505835,Dulcinea.Septima@college.harvard.edu,6
Raf,Sprage,15721990,Raf.Sprage@college.harvard.edu,6
Shauna,Docilla,15250156,Shauna.Docilla@college.harvard.edu,6
Allis,Glenden,18548650,Allis.Glenden@college.harvard.edu,6
Beatriz,Stover,15517463,Beatriz.Stover@college.harvard.edu,6
Lorne,Schenck,11660791,Lorne.Schenck@college.harvard.edu,6
Elyssa,Ferrell,14483367,Elyssa.Ferrell@college.harvard.edu,6
Beth,Kress,15596629,Beth.Kress@college.harvard.edu,6
Kylynn,Warthman,13782079,Kylynn.Warthman@college.harvard.edu,6
Constance,Gilbertson,19270895,Constance.Gilbertson@college.harvard.edu,6
Ellette,Ellord,17926648,Ellette.Ellord@college.harvard.edu,6
Devina,Fontana,15837609,Devina.Fontana@college.harvard.edu,6
Frieda,O'Rourke,17981599,Frieda.O'Rourke@college.harvard.edu,6
Latisha,Fink,18665119,Latisha.Fink@college.harvard.edu,6
Belva,Hylan,15664126,Belva.Hylan@college.harvard.edu,6
Shell,Elvyn,18673040,Shell.Elvyn@college.harvard.edu,6
Sashenka,Dudley,19374537,Sashenka.Dudley@college.harvard.edu,6
Amalie,Alabaster,16930954,Amalie.Alabaster@college.harvard.edu,6
Tracey,Hartnett,12769868,Tracey.Hartnett@college.harvard.edu,6
Camile,Noelyn,15734485,Camile.Noelyn@college.harvard.edu,6
Bobinette,Jagir,17701556,Bobinette.Jagir@college.harvard.edu,6
Chere,Neva,10493179,Chere.Neva@college.harvard.edu,6
Mahalia,Hilbert,15163827,Mahalia.Hilbert@college.harvard.edu,6
Halette,Smitt,16408364,Halette.Smitt@college.harvard.edu,6
Harmonia,Mike,18002861,Harmonia.Mike@college.harvard.edu,6
Tracey,Bennie,15049751,Tracey.Bennie@college.harvard.edu,6
Merry,Meli,19293136,Merry.Meli@college.harvard.edu,6
Aigneis,Bartlett,18616245,Aigneis.Bartlett@college.harvard.edu,6
Daphne,Eliathas,13658434,Daphne.Eliathas@college.harvard.edu,6
Desirae,Schenck,10687802,Desirae.Schenck@college.harvard.edu,6
Aeriela,Tannie,13806999,Aeriela.Tannie@college.harvard.edu,6
Sherrie,Brenn,18386637,Sherrie.Brenn@college.harvard.edu,6
Sarette,Albertine,14845125,Sarette.Albertine@college.harvard.edu,6
Tierney,Wu,19390579,Tierney.Wu@college.harvard.edu,6
Mathilda,Henrie,12978721,Mathilda.Henrie@college.harvard.edu,6
Kial,Mott,15236360,Kial.Mott@college.harvard.edu,6
Mireielle,Bury,14284381,Mireielle.Bury@college.harvard.edu,6
Jenilee,Huggins,11353279,Jenilee.Huggins@college.harvard.edu,6
Annice,Mintz,13473108,Annice.Mintz@college.harvard.edu,6
Gale,Killigrew,15363331,Gale.Killigrew@college.harvard.edu,6
Ellette,Hoenack,17039533,Ellette.Hoenack@college.harvard.edu,6
Natka,Federica,18199273,Natka.Federica@college.harvard.edu,6
Gale,Diann,19396408,Gale.Diann@college.harvard.edu,6
Audrie,Smitt,18043967,Audrie.Smitt@college.harvard.edu,6
Edee,Rogerio,13735216,Edee.Rogerio@college.harvard.edu,6
Sybille,Regan,12826053,Sybille.Regan@college.harvard.edu,6
Ursulina,Konyn,17700701,Ursulina.Konyn@college.harvard.edu,6
Monika,Lia,17700227,Monika.Lia@college.harvard.edu,6
Gertrud,Erminia,16255096,Gertrud.Erminia@college.harvard.edu,6
Steffane,Munn,15506558,Steffane.Munn@college.harvard.edu,6
Kaia,Lesley,19768676,Kaia.Lesley@college.harvard.edu,6
Corina,Podvin,13673860,Corina.Podvin@college.harvard.edu,6
Harrietta,Ursulette,14247405,Harrietta.Ursulette@college.harvard.edu,6
Nicoli,Tjon,11093265,Nicoli.Tjon@college.harvard.edu,6
Calla,Braun,13285924,Calla.Braun@college.harvard.edu,6
Tamqrah,Dichy,13443411,Tamqrah.Dichy@college.harvard.edu,6
Gertrud,Belldas,14517085,Gertrud.Belldas@college.harvard.edu,6
Flory,Eldrid,14553888,Flory.Eldrid@college.harvard.edu,6
Oona,Poppy,10759389,Oona.Poppy@college.harvard.edu,6
Kirstin,Edvard,10389386,Kirstin.Edvard@college.harvard.edu,6
Marcy,Anis,14014954,Marcy.Anis@college.harvard.edu,6
Latisha,Gaal,13773440,Latisha.Gaal@college.harvard.edu,6
Sharlene,Gillan,15414309,Sharlene.Gillan@college.harvard.edu,6
Eolanda,Fairweather,12960197,Eolanda.Fairweather@college.harvard.edu,6
Joleen,Valerio,15063695,Joleen.Valerio@college.harvard.edu,6
Taffy,Tillford,11940032,Taffy.Tillford@college.harvard.edu,6
Wanda,Minetta,10852699,Wanda.Minetta@college.harvard.edu,6
Alyssa,Hoban,17262109,Alyssa.Hoban@college.harvard.edu,6
Nikki,Schonfeld,18809260,Nikki.Schonfeld@college.harvard.edu,6
Maud,Raseda,12772023,Maud.Raseda@college.harvard.edu,6
Diena,Raama,17544865,Diena.Raama@college.harvard.edu,6
Sabina,Arley,15914055,Sabina.Arley@college.harvard.edu,6
Pierette,Toni,15272379,Pierette.Toni@college.harvard.edu,6
Constance,Sikorski,16758734,Constance.Sikorski@college.harvard.edu,6
Beatriz,Lindemann,19333096,Beatriz.Lindemann@college.harvard.edu,6
Augustine,Thomasina,12515035,Augustine.Thomasina@college.harvard.edu,6
Stacey,Buckler,18733779,Stacey.Buckler@college.harvard.edu,6
Pearline,Iphlgenia,12410742,Pearline.Iphlgenia@college.harvard.edu,6
Hollie,Publia,13455091,Hollie.Publia@college.harvard.edu,6
Kary,Imelida,11482330,Kary.Imelida@college.harvard.edu,6
Aili,Damarra,14357378,Aili.Damarra@college.harvard.edu,6
Robinia,Hoenack,10783596,Robinia.Hoenack@college.harvard.edu,6
Corly,Dash,19327013,Corly.Dash@college.harvard.edu,6
Cecile,Obed,15245497,Cecile.Obed@college.harvard.edu,6
Joane,Hourigan,16156345,Joane.Hourigan@college.harvard.edu,6
Estell,Birdella,15393495,Estell.Birdella@college.harvard.edu,6
Konstance,Delacourt,18649434,Konstance.Delacourt@college.harvard.edu,6
Claudina,Clarissa,15184049,Claudina.Clarissa@college.harvard.edu,6
Lolita,Letsou,16031704,Lolita.Letsou@college.harvard.edu,6
Tobe,Alejoa,11397089,Tobe.Alejoa@college.harvard.edu,6
Clo,Lindemann,10764208,Clo.Lindemann@college.harvard.edu,6
Jsandye,Alisia,10783625,Jsandye.Alisia@college.harvard.edu,6
Jemie,Timon,14390692,Jemie.Timon@college.harvard.edu,6
Jenilee,Kalinda,14007845,Jenilee.Kalinda@college.harvard.edu,6
Patricia,Jess,18736899,Patricia.Jess@college.harvard.edu,6
Asia,Orlene,10170163,Asia.Orlene@college.harvard.edu,6
Charissa,Kiersten,15314929,Charissa.Kiersten@college.harvard.edu,6
Clary,Weinreb,13676235,Clary.Weinreb@college.harvard.edu,6
Frances,Hilbert,17327449,Frances.Hilbert@college.harvard.edu,6
Atlanta,Lanita,12339168,Atlanta.Lanita@college.harvard.edu,6
Florencia,Reidar,17684673,Florencia.Reidar@college.harvard.edu,6
Aimil,LaRue,13801988,Aimil.LaRue@college.harvard.edu,6
Janenna,Nickola,16179366,Janenna.Nickola@college.harvard.edu,6
Cacilie,Goerke,16907174,Cacilie.Goerke@college.harvard.edu,6
Frieda,Ardeha,10260823,Frieda.Ardeha@college.harvard.edu,6
Letizia,Clarissa,12941771,Letizia.Clarissa@college.harvard.edu,6
Giustina,Knowling,12201464,Giustina.Knowling@college.harvard.edu,6
Miquela,Helve,18299466,Miquela.Helve@college.harvard.edu,6
Keelia,Berard,16932321,Keelia.Berard@college.harvard.edu,6
Starla,Corilla,13798613,Starla.Corilla@college.harvard.edu,6
Kassey,Tybald,12263091,Kassey.Tybald@college.harvard.edu,6
Veda,Angelis,17373645,Veda.Angelis@college.harvard.edu,6
Binny,Hailee,16632121,Binny.Hailee@college.harvard.edu,6
Dacia,Uund,13834833,Dacia.Uund@college.harvard.edu,6
Marguerite,Annabella,14188209,Marguerite.Annabella@college.harvard.edu,6
Devina,Shirberg,14575263,Devina.Shirberg@college.harvard.edu,6
Amalie,Lucienne,16143977,Amalie.Lucienne@college.harvard.edu,6
Dotty,Saunderson,13108660,Dotty.Saunderson@college.harvard.edu,6
Britni,Ailyn,12534872,Britni.Ailyn@college.harvard.edu,6
Nyssa,Ovid,16125984,Nyssa.Ovid@college.harvard.edu,6
Susan,Tamsky,10741571,Susan.Tamsky@college.harvard.edu,6
Kamilah,Shama,12200289,Kamilah.Shama@college.harvard.edu,6
Olivette,Rooney,12858263,Olivette.Rooney@college.harvard.edu,6
Brena,Greyson,19163972,Brena.Greyson@college.harvard.edu,6
Ellette,Skurnik,17920533,Ellette.Skurnik@college.harvard.edu,6
Allis,Halsey,15226344,Allis.Halsey@college.harvard.edu,6
Bee,Mallon,13634956,Bee.Mallon@college.harvard.edu,6
Elbertina,Pattin,10850180,Elbertina.Pattin@college.harvard.edu,6
Thalia,McLaughlin,12937283,Thalia.McLaughlin@college.harvard.edu,6
Fayre,Erich,15748763,Fayre.Erich@college.harvard.edu,6
Larine,Wolfgram,13603911,Larine.Wolfgram@college.harvard.edu,6
Sara-Ann,Granoff,15624180,Sara-Ann.Granoff@college.harvard.edu,6
Dagmar,Ralfston,12534837,Dagmar.Ralfston@college.harvard.edu,6
Deirdre,Chrystel,18986651,Deirdre.Chrystel@college.harvard.edu,6
Farrah,Ariella,18022796,Farrah.Ariella@college.harvard.edu,6
Aeriela,Colbert,16741827,Aeriela.Colbert@college.harvard.edu,6
Kayla,Hachmin,10673577,Kayla.Hachmin@college.harvard.edu,6
Carly,Danby,19758688,Carly.Danby@college.harvard.edu,6
Ileana,Eno,15411773,Ileana.Eno@college.harvard.edu,6
Goldie,Sisile,14414869,Goldie.Sisile@college.harvard.edu,6
Danika,Nunci,19294671,Danika.Nunci@college.harvard.edu,6
Nita,Engdahl,12930901,Nita.Engdahl@college.harvard.edu,6
Jeanna,Gordon,18251154,Jeanna.Gordon@college.harvard.edu,6
Jillayne,Gillan,13366343,Jillayne.Gillan@college.harvard.edu,6
