Carolina,Ummersen,12399079,Carolina.Ummersen@college.harvard.edu,7
Ethel,Hartnett,11383680,Ethel.Hartnett@college.harvard.edu,7
Nanete,Kenwood,13603325,Nanete.Kenwood@college.harvard.edu,7
Lolita,Harday,18802346,Lolita.Harday@college.harvard.edu,7
Valera,Pandolfi,15509054,Valera.Pandolfi@college.harvard.edu,7
Devina,Holtz,14874114,Devina.Holtz@college.harvard.edu,7
Merci,Ailyn,14009783,Merci.Ailyn@college.harvard.edu,7
Tersina,Roscoe,10434851,Tersina.Roscoe@college.harvard.edu,7
Gilligan,Yusuk,10995865,Gilligan.Yusuk@college.harvard.edu,7
Julieta,Sheng,14858247,Julieta.Sheng@college.harvard.edu,7
Jasmina,Ader,14429841,Jasmina.Ader@college.harvard.edu,7
Cissiee,Ehrman,16000436,Cissiee.Ehrman@college.harvard.edu,7
Lorenza,Dearborn,18290415,Lorenza.Dearborn@college.harvard.edu,7
Sabina,Iiette,14909226,Sabina.Iiette@college.harvard.edu,7
Chastity,Sabella,13299610,Chastity.Sabella@college.harvard.edu,7
Lila,Shanley,12740931,Lila.Shanley@college.harvard.edu,7
Nelle,Cassius,12046452,Nelle.Cassius@college.harvard.edu,7
Agathe,Zachary,10057785,Agathe.Zachary@college.harvard.edu,7
Bibby,Lissi,16096602,Bibby.Lissi@college.harvard.edu,7
Dorene,Casimir,14420637,Dorene.Casimir@college.harvard.edu,7
Amalie,Jena,15711842,Amalie.Jena@college.harvard.edu,7
Kary,Valerio,17362838,Kary.Valerio@college.harvard.edu,7
Violet,Pearse,16987852,Violet.Pearse@college.harvard.edu,7
Vere,Mitzi,15866728,Vere.Mitzi@college.harvard.edu,7
Aigneis,Craggie,12628083,Aigneis.Craggie@college.harvard.edu,7
Renie,Heisel,15944090,Renie.Heisel@college.harvard.edu,7
Claresta,Nahum,10315953,Claresta.Nahum@college.harvard.edu,7
Tarra,Emmy,19126333,Tarra.Emmy@college.harvard.edu,7
Ileana,Michella,14244904,Ileana.Michella@college.harvard.edu,7
Berta,Ade,13418125,Berta.Ade@college.harvard.edu,7
Brynna,Lunsford,11392410,Brynna.Lunsford@college.harvard.edu,7
Ida,Shuler,19521623,Ida.Shuler@college.harvard.edu,7
Henriette,Manolo,10578825,Henriette.Manolo@college.harvard.edu,7
Tersina,Maisey,18234618,Tersina.Maisey@college.harvard.edu,7
Ashlee,Rurik,15452212,Ashlee.Rurik@college.harvard.edu,7
Ann-Marie,Sherfield,12584791,Ann-Marie.Sherfield@college.harvard.edu,7
Dede,Reinke,16737716,Dede.Reinke@college.harvard.edu,7
Darlleen,Reidar,19734836,Darlleen.Reidar@college.harvard.edu,7
Aeriela,Lanita,12740103,Aeriela.Lanita@college.harvard.edu,7
Lita,Jalbert,16737782,Lita.Jalbert@college.harvard.edu,7
Tamqrah,Melan,13452539,Tamqrah.Melan@college.harvard.edu,7
Ketti,Tiffa,15469152,Ketti.Tiffa@college.harvard.edu,7
Gilligan,Hanshaw,14960727,Gilligan.Hanshaw@college.harvard.edu,7
Zaria,Pascia,17938606,Zaria.Pascia@college.harvard.edu,7
Monika,Gilbertson,11513013,Monika.Gilbertson@college.harvard.edu,7
Dennie,Dearborn,15183255,Dennie.Dearborn@college.harvard.edu,7
Leanna,Kristi,13223277,Leanna.Kristi@college.harvard.edu,7
Annaliese,Alejoa,13470073,Annaliese.Alejoa@college.harvard.edu,7
Cindelyn,Jobi,13147912,Cindelyn.Jobi@college.harvard.edu,7
Joy,Melleta,11851251,Joy.Melleta@college.harvard.edu,7
Danika,Lucienne,17678732,Danika.Lucienne@college.harvard.edu,7
Kore,Amadas,18950083,Kore.Amadas@college.harvard.edu,7
Rosene,Harriman,18270990,Rosene.Harriman@college.harvard.edu,7
Yetty,Charity,15001904,Yetty.Charity@college.harvard.edu,7
Tiffie,Lacombe,11269300,Tiffie.Lacombe@college.harvard.edu,7
Vevay,Gaulin,11916162,Vevay.Gaulin@college.harvard.edu,7
Olwen,Gualtiero,15683100,Olwen.Gualtiero@college.harvard.edu,7
Augustine,Bach,12695960,Augustine.Bach@college.harvard.edu,7
Inga,Carolin,15799566,Inga.Carolin@college.harvard.edu,7
Max,Carlson,14259569,Max.Carlson@college.harvard.edu,7
Ricky,Rebecka,15608353,Ricky.Rebecka@college.harvard.edu,7
Britni,Morgun,16091293,Britni.Morgun@college.harvard.edu,7
Paulita,Alejoa,13375162,Paulita.Alejoa@college.harvard.edu,7
Ashlee,Billye,13422910,Ashlee.Billye@college.harvard.edu,7
Jerry,Sophronia,11819896,Jerry.Sophronia@college.harvard.edu,7
Lisette,Adalbert,18495589,Lisette.Adalbert@college.harvard.edu,7
Cherilyn,Baudin,16532284,Cherilyn.Baudin@college.harvard.edu,7
Lesly,Alarise,18875378,Lesly.Alarise@college.harvard.edu,7
Betta,Naashom,19879757,Betta.Naashom@college.harvard.edu,7
Sophia,Daniele,15288453,Sophia.Daniele@college.harvard.edu,7
Emma,Skell,11081268,Emma.Skell@college.harvard.edu,7
Ginnie,August,10028149,Ginnie.August@college.harvard.edu,7
Arabel,O'Rourke,18821432,Arabel.O'Rourke@college.harvard.edu,7
Elyssa,Joeann,15017882,Elyssa.Joeann@college.harvard.edu,7
Elyssa,Jerold,14735267,Elyssa.Jerold@college.harvard.edu,7
Fanny,Screens,17319473,Fanny.Screens@college.harvard.edu,7
Carilyn,Evangelia,15437118,Carilyn.Evangelia@college.harvard.edu,7
Maisey,Lacombe,13605710,Maisey.Lacombe@college.harvard.edu,7
Taffy,Tannie,12091752,Taffy.Tannie@college.harvard.edu,7
Jacenta,Brittani,12443962,Jacenta.Brittani@college.harvard.edu,7
Fernande,Joachim,16395052,Fernande.Joachim@college.harvard.edu,7
Tami,Bandeen,15853144,Tami.Bandeen@college.harvard.edu,7
Lynnea,Ricki,19034110,Lynnea.Ricki@college.harvard.edu,7
Kenna,Devlen,18048791,Kenna.Devlen@college.harvard.edu,7
Vinita,Jess,18802249,Vinita.Jess@college.harvard.edu,7
Ivett,Emanuel,11962219,Ivett.Emanuel@college.harvard.edu,7
Emelina,McAdams,10858543,Emelina.McAdams@college.harvard.edu,7
Ariela,Pyle,10042545,Ariela.Pyle@college.harvard.edu,7
Kenna,Docilla,18378220,Kenna.Docilla@college.harvard.edu,7
Lorne,Jorgan,12556706,Lorne.Jorgan@college.harvard.edu,7
Starla,Scammon,18653174,Starla.Scammon@college.harvard.edu,7
Marleah,Miru,16850946,Marleah.Miru@college.harvard.edu,7
Jsandye,Cristi,14216275,Jsandye.Cristi@college.harvard.edu,7
Louella,Tannie,12941265,Louella.Tannie@college.harvard.edu,7
Jsandye,Syd,10605116,Jsandye.Syd@college.harvard.edu,7
Steffane,Brenn,16886831,Steffane.Brenn@college.harvard.edu,7
Nonnah,Faso,16693026,Nonnah.Faso@college.harvard.edu,7
Rochette,Ammann,14913917,Rochette.Ammann@college.harvard.edu,7
Johna,Eiser,14713629,Johna.Eiser@college.harvard.edu,7
Maurene,Ivens,15557984,Maurene.Ivens@college.harvard.edu,7
Max,Medrek,17823830,Max.Medrek@college.harvard.edu,7
Brooks,Clie,18343796,Brooks.Clie@college.harvard.edu,7
Pierette,Belanger,17820258,Pierette.Belanger@college.harvard.edu,7
Lanae,Schenck,13638057,Lanae.Schenck@college.harvard.edu,7
Emelina,Yam,11046599,Emelina.Yam@college.harvard.edu,7
Vanessa,Macey,16275976,Vanessa.Macey@college.harvard.edu,7
Adele,Teddman,12892207,Adele.Teddman@college.harvard.edu,7
Orelia,Drisko,10410477,Orelia.Drisko@college.harvard.edu,7
Ardeen,Jalbert,12295031,Ardeen.Jalbert@college.harvard.edu,7
Dode,Jarib,13718637,Dode.Jarib@college.harvard.edu,7
Corene,Thomasina,13351823,Corene.Thomasina@college.harvard.edu,7
Hallie,Goddard,13455127,Hallie.Goddard@college.harvard.edu,7
Nessie,Wilona,12736837,Nessie.Wilona@college.harvard.edu,7
Dulce,Carey,13061838,Dulce.Carey@college.harvard.edu,7
Adele,Malina,16872005,Adele.Malina@college.harvard.edu,7
Lynea,Manolo,12962995,Lynea.Manolo@college.harvard.edu,7
Cathyleen,Stanwood,13786369,Cathyleen.Stanwood@college.harvard.edu,7
Feliza,McNully,11725282,Feliza.McNully@college.harvard.edu,7
Agathe,Teryn,14948498,Agathe.Teryn@college.harvard.edu,7
Hannis,Sprage,18680394,Hannis.Sprage@college.harvard.edu,7
Johna,Gladstone,15783136,Johna.Gladstone@college.harvard.edu,7
Paule,Mehalek,19181706,Paule.Mehalek@college.harvard.edu,7
Demetris,Knowling,15704164,Demetris.Knowling@college.harvard.edu,7
Laure,Tayib,13439816,Laure.Tayib@college.harvard.edu,7
Joeann,Brunell,19862260,Joeann.Brunell@college.harvard.edu,7
Brynna,Wesle,15661423,Brynna.Wesle@college.harvard.edu,7
Averyl,Saunderson,19820846,Averyl.Saunderson@college.harvard.edu,7
Dorice,Boycey,17692558,Dorice.Boycey@college.harvard.edu,7
Sherrie,Khorma,19338831,Sherrie.Khorma@college.harvard.edu,7
Larine,Valerio,19586179,Larine.Valerio@college.harvard.edu,7
Shaylyn,Astra,15744819,Shaylyn.Astra@college.harvard.edu,7
Sherrie,Joachim,18392376,Sherrie.Joachim@college.harvard.edu,7
Juliane,Sandye,18905167,Juliane.Sandye@college.harvard.edu,7
Perry,Koziara,12254219,Perry.Koziara@college.harvard.edu,7
Molli,Bevin,16080217,Molli.Bevin@college.harvard.edu,7
Christal,Buttaro,19420308,Christal.Buttaro@college.harvard.edu,7
Bernie,Dannye,16610758,Bernie.Dannye@college.harvard.edu,7
Yvonne,Friede,12443357,Yvonne.Friede@college.harvard.edu,7
Sean,Remmer,10100627,Sean.Remmer@college.harvard.edu,7
Rosabelle,Hebner,18539959,Rosabelle.Hebner@college.harvard.edu,7
Fred,Oscar,11868156,Fred.Oscar@college.harvard.edu,7
Kary,Mike,13717657,Kary.Mike@college.harvard.edu,7
Jerry,Duwalt,13663804,Jerry.Duwalt@college.harvard.edu,7
Caryl,Rustice,16521803,Caryl.Rustice@college.harvard.edu,7
Bernardine,Erminia,19143104,Bernardine.Erminia@college.harvard.edu,7
Ana,Bollay,19210549,Ana.Bollay@college.harvard.edu,7
Helena,Gert,13275436,Helena.Gert@college.harvard.edu,7
Vinita,Hylan,12534388,Vinita.Hylan@college.harvard.edu,7
Kittie,Taima,12266700,Kittie.Taima@college.harvard.edu,7
Zondra,Shaddock,10782217,Zondra.Shaddock@college.harvard.edu,7
Loree,Ingra,18682611,Loree.Ingra@college.harvard.edu,7
Barbara,Izaak,11720047,Barbara.Izaak@college.harvard.edu,7
Lelah,Raychel,13536372,Lelah.Raychel@college.harvard.edu,7
Allis,Couture,18620374,Allis.Couture@college.harvard.edu,7
Frank,Kathie,16862194,Frank.Kathie@college.harvard.edu,7
Jasmina,Joeann,17828548,Jasmina.Joeann@college.harvard.edu,7
Justinn,Shaddock,11087272,Justinn.Shaddock@college.harvard.edu,7
Courtnay,Johnsson,19747366,Courtnay.Johnsson@college.harvard.edu,7
Gretal,Carvey,12341371,Gretal.Carvey@college.harvard.edu,7
Sallie,Tjon,17702318,Sallie.Tjon@college.harvard.edu,7
Anica,Redmond,16156205,Anica.Redmond@college.harvard.edu,7
