Melina,Jethro,15840321,Melina.Jethro@college.harvard.edu,8
Emylee,Emmaline,17140291,Emylee.Emmaline@college.harvard.edu,8
Winny,Markman,12461674,Winny.Markman@college.harvard.edu,8
Bibby,Toor,12441773,Bibby.Toor@college.harvard.edu,8
Morganica,Atcliffe,18171957,Morganica.Atcliffe@college.harvard.edu,8
Sheree,Plato,16102308,Sheree.Plato@college.harvard.edu,8
Nicoli,Morrill,18458190,Nicoli.Morrill@college.harvard.edu,8
Gretal,Septima,14392954,Gretal.Septima@college.harvard.edu,8
Christy,Iiette,13392284,Christy.Iiette@college.harvard.edu,8
Renie,Cadmar,10999559,Renie.Cadmar@college.harvard.edu,8
Eugine,Carbo,13790515,Eugine.Carbo@college.harvard.edu,8
Kayla,Roumell,16667305,Kayla.Roumell@college.harvard.edu,8
Lacie,Hartnett,18592300,Lacie.Hartnett@college.harvard.edu,8
Sara-Ann,Leopold,14818968,Sara-Ann.Leopold@college.harvard.edu,8
Gabi,Drisko,12313850,Gabi.Drisko@college.harvard.edu,8
Nickie,Tatianas,10386375,Nickie.Tatianas@college.harvard.edu,8
Teriann,Sancho,15442589,Teriann.Sancho@college.harvard.edu,8
Donnie,Mata,11161830,Donnie.Mata@college.harvard.edu,8
Mireielle,Ardra,12726659,Mireielle.Ardra@college.harvard.edu,8
Cissiee,Emmy,12260660,Cissiee.Emmy@college.harvard.edu,8
Aurelie,Ortrude,10158974,Aurelie.Ortrude@college.harvard.edu,8
Tori,Emmaline,14764368,Tori.Emmaline@college.harvard.edu,8
Nollie,Clie,12582290,Nollie.Clie@college.harvard.edu,8
Katleen,Norvol,16415829,Katleen.Norvol@college.harvard.edu,8
Evita,Vary,14410079,Evita.Vary@college.harvard.edu,8
Anallese,Goth,17927182,Anallese.Goth@college.harvard.edu,8
Hildegaard,Dearborn,16787469,Hildegaard.Dearborn@college.harvard.edu,8
Karlee,Freddi,12962460,Karlee.Freddi@college.harvard.edu,8
Netty,Jagir,17321044,Netty.Jagir@college.harvard.edu,8
Zsa Zsa,Lynn,17628953,Zsa Zsa.Lynn@college.harvard.edu,8
Riannon,Redmond,19596885,Riannon.Redmond@college.harvard.edu,8
Cristabel,Cadmar,14805294,Cristabel.Cadmar@college.harvard.edu,8
Mathilda,Cosenza,13908008,Mathilda.Cosenza@college.harvard.edu,8
Lory,Kat,11308726,Lory.Kat@college.harvard.edu,8
Beatriz,Helve,10348066,Beatriz.Helve@college.harvard.edu,8
Melisent,Xerxes,15057567,Melisent.Xerxes@college.harvard.edu,8
Susette,Kiersten,14398052,Susette.Kiersten@college.harvard.edu,8
Lacie,Phyllis,18497809,Lacie.Phyllis@college.harvard.edu,8
Cordi,Nester,15385272,Cordi.Nester@college.harvard.edu,8
Valli,Cath,18748627,Valli.Cath@college.harvard.edu,8
Georgetta,Linehan,15549268,Georgetta.Linehan@college.harvard.edu,8
Elfreda,Roarke,17265644,Elfreda.Roarke@college.harvard.edu,8
Linet,Brian,13502166,Linet.Brian@college.harvard.edu,8
Therine,Durante,11377390,Therine.Durante@college.harvard.edu,8
Shandie,Kaete,12267475,Shandie.Kaete@college.harvard.edu,8
Ricky,Beebe,10279094,Ricky.Beebe@college.harvard.edu,8
Minne,Melan,18978146,Minne.Melan@college.harvard.edu,8
Johna,Gunn,14787982,Johna.Gunn@college.harvard.edu,8
Karina,Septima,10705116,Karina.Septima@college.harvard.edu,8
Dorice,Emmaline,10494020,Dorice.Emmaline@college.harvard.edu,8
Clarice,Constancy,18401177,Clarice.Constancy@college.harvard.edu,8
Celestyna,Bennie,18135448,Celestyna.Bennie@college.harvard.edu,8
Kelly,Larochelle,13560035,Kelly.Larochelle@college.harvard.edu,8
Kirstin,Ruvolo,10796580,Kirstin.Ruvolo@college.harvard.edu,8
Raf,Strephon,10878788,Raf.Strephon@college.harvard.edu,8
Desirae,Meli,12816224,Desirae.Meli@college.harvard.edu,8
Blondelle,Solitta,14477644,Blondelle.Solitta@college.harvard.edu,8
Corina,Corrine,15181216,Corina.Corrine@college.harvard.edu,8
Alie,Berne,11844463,Alie.Berne@college.harvard.edu,8
Roberta,Quinn,10382448,Roberta.Quinn@college.harvard.edu,8
Layla,Wiener,10342857,Layla.Wiener@college.harvard.edu,8
Jordan,Duwalt,16554351,Jordan.Duwalt@college.harvard.edu,8
Eolanda,Peg,19613518,Eolanda.Peg@college.harvard.edu,8
Monika,Tamar,18565778,Monika.Tamar@college.harvard.edu,8
Lelah,Gabrielli,14213291,Lelah.Gabrielli@college.harvard.edu,8
Cyb,Dalli,12315198,Cyb.Dalli@college.harvard.edu,8
Chrystel,Colyer,11636294,Chrystel.Colyer@college.harvard.edu,8
Marika,Marisa,16594531,Marika.Marisa@college.harvard.edu,8
Marita,Milson,19499614,Marita.Milson@college.harvard.edu,8
Pierette,Sperling,18151935,Pierette.Sperling@college.harvard.edu,8
Carmela,Swigart,12316124,Carmela.Swigart@college.harvard.edu,8
Allyce,Kannry,19389781,Allyce.Kannry@college.harvard.edu,8
Nita,Millda,17507062,Nita.Millda@college.harvard.edu,8
Nyssa,Himelman,12791091,Nyssa.Himelman@college.harvard.edu,8
Melina,Wattenberg,18382813,Melina.Wattenberg@college.harvard.edu,8
Dede,Nerita,11300933,Dede.Nerita@college.harvard.edu,8
Elka,Cristi,11594912,Elka.Cristi@college.harvard.edu,8
Rosabelle,Virgin,19883934,Rosabelle.Virgin@college.harvard.edu,8
Gilligan,Haerr,10769494,Gilligan.Haerr@college.harvard.edu,8
Joy,Niccolo,11570154,Joy.Niccolo@college.harvard.edu,8
Marcelline,Orpah,12368583,Marcelline.Orpah@college.harvard.edu,8
Joelly,Leopold,19144283,Joelly.Leopold@college.harvard.edu,8
Rhoda,Kronfeld,17953085,Rhoda.Kronfeld@college.harvard.edu,8
Annaliese,Fadiman,19413059,Annaliese.Fadiman@college.harvard.edu,8
Claudina,Pauly,15098675,Claudina.Pauly@college.harvard.edu,8
Cristabel,Garlinda,17429514,Cristabel.Garlinda@college.harvard.edu,8
Nananne,Gabrielli,19970181,Nananne.Gabrielli@college.harvard.edu,8
Jobi,Fitzsimmons,10962986,Jobi.Fitzsimmons@college.harvard.edu,8
Romona,Calhoun,14938737,Romona.Calhoun@college.harvard.edu,8
Maye,Carbo,13259741,Maye.Carbo@college.harvard.edu,8
Halette,Klotz,18782640,Halette.Klotz@college.harvard.edu,8
Kristan,Noman,10708953,Kristan.Noman@college.harvard.edu,8
Kristan,Warthman,19397944,Kristan.Warthman@college.harvard.edu,8
Mamie,Lumbard,15109809,Mamie.Lumbard@college.harvard.edu,8
Gratia,Shanley,10885196,Gratia.Shanley@college.harvard.edu,8
Hermione,Virgin,15598950,Hermione.Virgin@college.harvard.edu,8
Meghann,McGrody,12153041,Meghann.McGrody@college.harvard.edu,8
Eugine,Sprage,18949234,Eugine.Sprage@college.harvard.edu,8
Gabi,Nicoline,14732082,Gabi.Nicoline@college.harvard.edu,8
Grier,Denis,15402532,Grier.Denis@college.harvard.edu,8
Britni,Ambrosia,16687023,Britni.Ambrosia@college.harvard.edu,8
Orelia,Poppy,18048799,Orelia.Poppy@college.harvard.edu,8
Linet,Scammon,13208799,Linet.Scammon@college.harvard.edu,8
Merci,Nisbet,11234062,Merci.Nisbet@college.harvard.edu,8
Odessa,Haldas,15838724,Odessa.Haldas@college.harvard.edu,8
Arlina,Killigrew,13493162,Arlina.Killigrew@college.harvard.edu,8
Anica,Gordon,12432567,Anica.Gordon@college.harvard.edu,8
Jacquetta,Obed,10179542,Jacquetta.Obed@college.harvard.edu,8
Madeleine,Fairweather,11482559,Madeleine.Fairweather@college.harvard.edu,8
Berget,Garek,15716707,Berget.Garek@college.harvard.edu,8
Karina,Bennie,17742510,Karina.Bennie@college.harvard.edu,8
Steffane,Joni,18353683,Steffane.Joni@college.harvard.edu,8
Gretal,Lenny,12676749,Gretal.Lenny@college.harvard.edu,8
Vita,Winnick,13969592,Vita.Winnick@college.harvard.edu,8
Violet,Ursulette,10169386,Violet.Ursulette@college.harvard.edu,8
Belinda,Clara,13595490,Belinda.Clara@college.harvard.edu,8
Gianina,Wu,12880517,Gianina.Wu@college.harvard.edu,8
Nickie,Harriman,16746023,Nickie.Harriman@college.harvard.edu,8
Joelly,Orlene,12612672,Joelly.Orlene@college.harvard.edu,8
Raina,Sadowski,11116451,Raina.Sadowski@college.harvard.edu,8
Alisha,Gordon,10221779,Alisha.Gordon@college.harvard.edu,8
Aurelie,Cookie,11399472,Aurelie.Cookie@college.harvard.edu,8
Joy,Bethany,14229598,Joy.Bethany@college.harvard.edu,8
Sophia,Justinn,19294813,Sophia.Justinn@college.harvard.edu,8
Rubie,Juan,12579933,Rubie.Juan@college.harvard.edu,8
Siana,Hermes,18178860,Siana.Hermes@college.harvard.edu,8
Kimberley,Wenda,14275515,Kimberley.Wenda@college.harvard.edu,8
Gwenneth,Oneida,17942029,Gwenneth.Oneida@college.harvard.edu,8
Lita,Daegal,10441522,Lita.Daegal@college.harvard.edu,8
Shaine,Elephus,19476943,Shaine.Elephus@college.harvard.edu,8
Delilah,Saunderson,16577825,Delilah.Saunderson@college.harvard.edu,8
Cyndie,Elisha,11637919,Cyndie.Elisha@college.harvard.edu,8
Rosaline,Kirstin,15998034,Rosaline.Kirstin@college.harvard.edu,8
Alexine,Torray,10784623,Alexine.Torray@college.harvard.edu,8
Adele,Gaal,12531900,Adele.Gaal@college.harvard.edu,8
Pollyanna,Holtz,18808323,Pollyanna.Holtz@college.harvard.edu,8
Darci,Dorine,15480212,Darci.Dorine@college.harvard.edu,8
Diena,Edee,12267490,Diena.Edee@college.harvard.edu,8
Catharine,Gaal,10492544,Catharine.Gaal@college.harvard.edu,8
Janis,Ophelia,11406986,Janis.Ophelia@college.harvard.edu,8
Aigneis,Michella,19558498,Aigneis.Michella@college.harvard.edu,8
Vere,Barbey,11460205,Vere.Barbey@college.harvard.edu,8
Gerianna,My,12329350,Gerianna.My@college.harvard.edu,8
Kristina,Roscoe,17390121,Kristina.Roscoe@college.harvard.edu,8
Hollie,Teryn,19937443,Hollie.Teryn@college.harvard.edu,8
Aryn,Yerkovich,14900582,Aryn.Yerkovich@college.harvard.edu,8
Clary,Merat,11186850,Clary.Merat@college.harvard.edu,8
Maisey,Torray,15268100,Maisey.Torray@college.harvard.edu,8
Ursulina,Belanger,18234916,Ursulina.Belanger@college.harvard.edu,8
Charlena,Curren,14208326,Charlena.Curren@college.harvard.edu,8
Talya,Lynn,15487456,Talya.Lynn@college.harvard.edu,8
Kore,Freddi,19662289,Kore.Freddi@college.harvard.edu,8
Kristan,Newell,19604869,Kristan.Newell@college.harvard.edu,8
Paulita,Ogren,13497189,Paulita.Ogren@college.harvard.edu,8
Karolina,Suzetta,16865470,Karolina.Suzetta@college.harvard.edu,8
Betta,Wallis,13059662,Betta.Wallis@college.harvard.edu,8
Lanna,Kaja,10324447,Lanna.Kaja@college.harvard.edu,8
Talya,Ciapas,10195951,Talya.Ciapas@college.harvard.edu,8
Heida,Colleen,11451119,Heida.Colleen@college.harvard.edu,8
Jacquetta,McAdams,11054765,Jacquetta.McAdams@college.harvard.edu,8
Millie,Reidar,17097091,Millie.Reidar@college.harvard.edu,8
